filename;label;botrytis_severity;sick_score;cluster;eje_dominante;motivo_principal;axis_score_botrytis;axis_score_tallo_amarillo;axis_score_follaje_blanco;axis_score_tallos_rotos;pct_yellow_in_stem;pct_brown_lesions;gray_mold_score;whiteness_score;stem_fragmentation;cosine_sim_bad;clip_sick_prob;p_con_flores;p_sin_flores
flor_20260516_090010_411564.jpg;sana;baseline;0.3948603464722529;0;tallos_rotos;cosine_sim_bad;0.3466724206698212;0.524919142066367;0.6059791261852855;0.669628670228746;0.22406371070282222;2,08E+11;0.11775818638974543;0.7364476323127747;0.5580322828593389;0.84945756;0.0011018441;0.97989696;0.020102978
flor_20260516_090021_921525.jpg;sana;baseline;0.38335878286749936;2;tallos_rotos;cosine_sim_bad;0.356967887606547;0.649038990051551;0.5395791426629797;0.6671485326763208;0.2649073951171415;9,01E+09;0.1725235704453871;0.7327021360397339;0.556782334384858;0.7885827;0.0011091824;0.9975369;0.002463049
flor_20260516_090035_428377.jpg;sana;baseline;0.44007062159460014;0;follaje_blanco;cosine_sim_bad;0.38410814612363386;0.6451053954246518;0.6837710513736583;0.6680084993835435;0.2636129808863562;2,77E+10;0.1515045892701865;0.7408357262611389;0.5572157434402333;0.78021115;0.010327762;0.9976497;0.0023502233
flor_20260516_090049_442218.jpg;enferma;severa;0.534374966848775;0;tallos_rotos;cosine_sim_bad;0.6705072142930881;0.0;0.31781509578429207;0.7914658245526274;0.03844434509645857;0.0002761050777036156;0.16762156601033912;0.7201928496360779;0.6194362017804155;0.8282091;0.009589858;0.99652255;0.0034774307
flor_20260516_090101_449625.jpg;sana;baseline;0.252856941363495;2;follaje_blanco;cosine_sim_bad;0.21637710717627778;0.4620267846937999;0.589771946770191;0.4681599095796144;0.20336794255376395;2,73E+08;0.15038167936635394;0.7355334162712097;0.45649534601375963;0.68114597;0.0009649704;0.99831235;0.0016876252
flor_20260516_090115_462511.jpg;sana;baseline;0.45161867720731325;2;tallos_rotos;clip_sick_prob;0.35692308414525825;0.6116060057444987;0.6541949037775899;0.6782596402652017;0.25258945384874815;3,14E+10;0.13731161515515747;0.7391673922538757;0.5623821495914519;0.7335271;0.023372136;0.99357635;0.006423661
flor_20260516_090125_971113.jpg;revisar;moderada;0.3455836307135134;2;tallos_rotos;cosine_sim_bad;0.40477106836722626;0.2463556719334872;0.10096033013930693;0.7238795179688876;0.1323978035320115;2,81E+11;0.1828425095562503;0.7079604864120483;0.5853738165197518;0.8029101;0.0011191955;0.99897444;0.0010255753
flor_20260516_090137_982416.jpg;sana;baseline;0.2779166787353492;2;tallos_rotos;cosine_sim_bad;0.3205160230980455;0.29571831875469606;0.0;0.7217460509790562;0.14864139713407282;2,22E+11;0.18512435471958602;0.6921156644821167;0.5842985842985843;0.7131215;0.0021826664;0.99621576;0.0037842637
flor_20260516_090151_993793.jpg;revisar;moderada;0.4022192483784268;0;tallos_rotos;cosine_sim_bad;0.4818815061116313;0.40665064452045685;0.0;0.7312681634684941;0.18514550971938668;3,50E+11;0.2066430019760033;0.6978496313095093;0.5890975721484196;0.87847555;0.0010040738;0.99962485;0.00037516849
flor_20260516_090210_506275.jpg;sana;baseline;0.25091630404524673;2;tallo_amarillo;pct_yellow_in_stem;0.19387683072324335;0.9277785387541911;0.6243006990030143;0.0;0.356631243847277;9,18E+07;0.15038813577217144;0.7374811172485352;0.07484335112555117;0.6491041;0.00311042;0.89145815;0.108541876
flor_20260516_090222_517887.jpg;sana;baseline;0.29006277455451124;2;tallo_amarillo;pct_yellow_in_stem;0.23601893111585304;0.818006990671783;0.7428631164688685;0.02058964606462414;0.32050910431577884;0.0;0.1467749641522432;0.7441689968109131;0.2309273054199846;0.6863718;0.0054530925;0.87931;0.12068999
flor_20260516_090234_026273.jpg;sana;baseline;0.23515209152712402;2;tallo_amarillo;pct_yellow_in_stem;0.14121332244107698;0.8653053780492586;0.619709474947819;0.4591336552067559;0.3360734192799934;4,08E+09;0.1561961460006113;0.7372221350669861;0.4519462624870823;0.5677907;0.0031362532;0.90575206;0.09424795
flor_20260516_090244_032963.jpg;sana;baseline;0.28769895304774146;2;tallo_amarillo;pct_yellow_in_stem;0.2783476231512894;1.0;0.34425610833507514;0.5089345142149253;0.4287524752362046;2,59E+09;0.30575002867521234;0.7216843366622925;0.4770450751252087;0.608422;0.00048641584;0.9946424;0.0053576706
flor_20260516_090255_546306.jpg;sana;baseline;0.23837451000295312;2;tallo_amarillo;pct_yellow_in_stem;0.21963782682737867;0.9969074588516256;0.3764517368132676;0.15909574511459473;0.37937925588721555;5,90E+09;0.20496802019857682;0.7235004305839539;0.3007320979180966;0.60534084;0.0006671014;0.9942365;0.00576353
flor_20260516_090305_551018.jpg;sana;baseline;0.23639353743103178;2;tallo_amarillo;pct_yellow_in_stem;0.2308642273762467;0.9049849201019816;0.2088673037909862;0.33569888497605926;0.3491306274510797;2,15E+10;0.21519907000650987;0.7140473127365112;0.3897371714643304;0.6050375;0.000986015;0.9928343;0.0071657468
flor_20260516_090314_062600.jpg;sana;baseline;0.2897593706037116;2;tallo_amarillo;cosine_sim_bad;0.25586991429625316;0.7548763329268383;0.3229050673087744;0.5279574624409993;0.2997349194963556;2,41E+09;0.16635813894034823;0.7204799652099609;0.4866323276919303;0.7037906;0.00020515278;0.9981316;0.0018684693
flor_20260516_090324_066846.jpg;sana;baseline;0.37406608806037256;0;tallos_rotos;cosine_sim_bad;0.32562668769826075;0.42263822139959195;0.5416766293717398;0.7131764033028968;0.19040648574538865;3,09E+10;0.09750348225677666;0.732820451259613;0.5799796230259806;0.8675837;0.0002584131;0.9949772;0.0050228275
flor_20260516_090335_576092.jpg;sana;baseline;0.34440757858336735;0;tallos_rotos;cosine_sim_bad;0.3051493747910673;0.5093764234327378;0.33109319048569236;0.6775504211291714;0.21894912262430402;3,52E+10;0.10361568926745679;0.7209418416023254;0.5620247148288974;0.8083356;0.00013838848;0.995741;0.00425905
flor_20260516_090345_583236.jpg;sana;baseline;0.3618814346118871;2;tallo_amarillo;cosine_sim_bad;0.29703428235660834;0.719326789703733;0.5473361451461072;0.3635341576048757;0.28803675560035213;6,38E+09;0.09322815284364018;0.73313969373703;0.403765690376569;0.8623606;0.0008536886;0.99960965;0.00039032858
flor_20260516_090357_095824.jpg;sana;baseline;0.14924489498799073;2;tallo_amarillo;pct_yellow_in_stem;0.1067555864587568;1.0;0.0;0.0817832550561;0.381770446881406;2,24E+09;0.1438018672012705;0.7002900838851929;0.26176787639238236;0.5484302;0.00017219843;0.9965359;0.0034641314
flor_20260516_090405_599573.jpg;sana;baseline;0.16283846880875485;2;tallo_amarillo;pct_yellow_in_stem;0.11763872902014705;1.0;0.0;0.1965122943244232;0.390214314585517;1,10E+10;0.1515781746817252;0.7004855871200562;0.31958942240779403;0.54432374;0.0001236912;0.99820316;0.0017968675
flor_20260516_090414_611722.jpg;sana;baseline;0.26606512205035343;2;tallo_amarillo;cosine_sim_bad;0.21772620264145304;0.9720578129018485;0.22490013292550373;0.14266808971796965;0.3712020697767281;1,17E+10;0.12688931123840264;0.7149516940116882;0.29245283018867924;0.71852773;0.000758016;0.9933082;0.0066917343
flor_20260516_090425_115536.jpg;sana;baseline;0.38627179564021674;0;tallo_amarillo;cosine_sim_bad;0.3125040853559001;0.9823141609186792;0.24920350536957564;0.6680987109365142;0.3745770903591966;1,37E+11;0.1213407821138666;0.7163226008415222;0.557261208576998;0.8133437;0.00035833995;0.9983524;0.0016476607
flor_20260516_090434_622901.jpg;sana;baseline;0.2998357385658912;2;tallo_amarillo;cosine_sim_bad;0.27042458362413874;0.8567874427895603;0.0;0.31170462265223325;0.33327045210547473;8,63E+08;0.11512546467064062;0.700058102607727;0.3776444584780549;0.79322416;0.00018140911;0.9992036;0.00079644343
flor_20260516_090444_131119.jpg;sana;baseline;0.2943054168179734;2;tallo_amarillo;cosine_sim_bad;0.2773638298417228;0.8286833798009515;0.0;0.23530936033715363;0.3240223463584881;9,90E+08;0.11904761903293268;0.7017881870269775;0.3391425046267736;0.7947578;7,98E+01;0.99952745;0.00047260034
flor_20260516_090503_647032.jpg;sana;baseline;0.27252890861987034;2;tallo_amarillo;cosine_sim_bad;0.29342309191291593;0.8100284192236433;0.0;0.11283359120687271;0.3178836237049436;1,79E+10;0.15736781727423424;0.7002758979797363;0.27741673436230707;0.7350964;0.0009255189;0.99760914;0.0023909053
flor_20260516_090514_157374.jpg;revisar;moderada;0.3954969302243574;0;tallo_amarillo;cosine_sim_bad;0.4077515182863166;0.7007392669625561;0.07683025130744492;0.6629051015073417;0.28192022447975945;4,70E+10;0.15637590179364977;0.7065993547439575;0.5546437149719776;0.82763636;0.00018138556;0.99967635;0.00032371105
flor_20260516_090524_164454.jpg;revisar;moderada;0.36809087626249243;0;tallos_rotos;cosine_sim_bad;0.38572914853646545;0.6680797359353902;0.08486515757112852;0.6773853287054667;0.27117306679267894;4,64E+10;0.17482796447842544;0.7070525884628296;0.5619415109666938;0.7748414;0.0010569678;0.99737406;0.0026258877
flor_20260516_090534_672904.jpg;revisar;moderada;0.37481564464038053;0;tallos_rotos;cosine_sim_bad;0.3953464141240509;0.6739628953198233;0.11165592735143283;0.6815541995248102;0.2731090174819322;4,33E+11;0.18316782022437877;0.7085638046264648;0.5640425531914893;0.7761616;0.0011164822;0.9939281;0.0060719545
flor_20260516_090544_680923.jpg;revisar;moderada;0.3711317031133197;0;tallos_rotos;cosine_sim_bad;0.4296423082471155;0.3303907373266703;0.04096375692183045;0.6722224899686916;0.16005092868783322;5,02E+11;0.18587896250923933;0.7045761942863464;0.5593395252837977;0.76961577;0.0072916034;0.9627934;0.037206583
flor_20260516_090607_700168.jpg;sana;baseline;0.23770069632524837;2;tallo_amarillo;cosine_sim_bad;0.24560649542653237;0.6199437145362248;0.0;0.42751683277381475;0.2553331145295798;1,00E+10;0.16630046688185932;0.6915780305862427;0.4360119047619047;0.6948298;9,74E+02;0.99857295;0.0014270629
flor_20260516_090618_709339.jpg;sana;baseline;0.26617002427690833;2;tallo_amarillo;cosine_sim_bad;0.2808092389160592;0.5542267572426335;0.08107805814332184;0.43139266536376186;0.23370786516020303;1,08E+11;0.16331066943471356;0.7068389654159546;0.43796526054590573;0.72166663;0.0008652058;0.9984011;0.0015989414
flor_20260516_090630_217881.jpg;sana;baseline;0.39827306950136854;0;tallos_rotos;cosine_sim_bad;0.36068273007234164;0.596205418614561;0.3212027745693222;0.7300266104270521;0.2475216364872131;5,71E+11;0.11657629743255457;0.7203839421272278;0.5884718498659518;0.80087334;0.0048064287;0.97644186;0.023558194
flor_20260516_090646_730328.jpg;sana;baseline;0.3715923691260238;0;tallos_rotos;cosine_sim_bad;0.35073387957516033;0.4559299988251686;0.41158173334699;0.5984709615471607;0.20136169454426123;3,96E+10;0.12528316752434915;0.7254820466041565;0.522169969768223;0.7956615;0.005113113;0.9995927;0.00040723465
flor_20260516_090703_745407.jpg;revisar;moderada;0.42050498768323397;0;tallos_rotos;cosine_sim_bad;0.5282549793077373;0.2488307086365049;0.19407711665621774;0.6307965590650786;0.133212255206364;6,32E+09;0.22484921586855264;0.7132130265235901;0.5384615384615384;0.8156762;0.0047583515;0.9997429;0.0002570704
flor_20260516_090714_254138.jpg;revisar;moderada;0.590456675504565;0;tallos_rotos;cosine_sim_bad;0.515731441412276;0.484988078296262;0.39273922302426434;0.8851801271614088;0.21092373515959634;8,49E+10;0.08597783437144779;0.7244191765785217;0.6666666666666666;0.8440438;0.03137509;0.98330426;0.016695762
flor_20260516_090724_761288.jpg;sana;baseline;0.34260553035019503;0;tallos_rotos;cosine_sim_bad;0.32219747819983574;0.3714985198946058;0.334223042189142;0.6832836407656413;0.17357812297168082;4,88E+10;0.10814017155428543;0.7211183905601501;0.5649141630901288;0.7970511;0.0017382245;0.9950972;0.0049027624
flor_20260516_090734_771029.jpg;sana;baseline;0.21162911367689716;2;tallo_amarillo;pct_yellow_in_stem;0.14789980309423092;0.9032257362774506;0.2996562498951018;0.027479305899854714;0.3485517389806032;2,85E+10;0.10412351721859127;0.7191685438156128;0.2343995804929208;0.67556876;0.0008934031;0.9187101;0.081289835
flor_20260516_090746_281658.jpg;sana;baseline;0.1936231179575227;2;tallo_amarillo;pct_yellow_in_stem;0.13803217473666582;0.8640947663770303;0.22131168715071817;0.0;0.3356750475296938;1,14E+10;0.10318528486568188;0.714749276638031;0.179221111965155;0.6668853;0.0012141111;0.90257037;0.09742963
flor_20260516_090756_787488.jpg;sana;baseline;0.18727759593322174;2;tallo_amarillo;pct_yellow_in_stem;0.16235970720044918;0.7156773418666388;0.18674700819341222;0.0;0.2868358445602211;2,70E+10;0.11816532777451015;0.7127995491027832;0.1945486371592898;0.6695066;0.0011755931;0.91321445;0.086785525
flor_20260516_090806_295213.jpg;sana;baseline;0.18484947333808688;2;tallo_amarillo;pct_yellow_in_stem;0.1546935333821814;0.7142291415200573;0.2060713592915508;0.0;0.28635929033553703;3,33E+10;0.11361228810550522;0.7138895988464355;0.19580962234868082;0.6668769;0.001255771;0.90707695;0.09292303
flor_20260516_090814_802998.jpg;revisar;moderada;0.41383890930461303;0;tallos_rotos;cosine_sim_bad;0.49830048975109764;0.509165677227925;0.12161714004840092;0.560603548524435;0.21887977310752152;0.00012253660706658433;0.18879056042134873;0.7091256976127625;0.5030854173432933;0.7846329;0.0020227837;0.9975431;0.0024569412
flor_20260516_090826_810849.jpg;enferma;severa;0.4480052302610204;0;tallos_rotos;pct_brown_lesions;0.6016918245726228;0.3700521776290465;0.02770362558267139;0.7055272335681183;0.1731021801792223;0.00022421717132690755;0.22147197831820664;0.7038282155990601;0.5761245674740485;0.7370536;0.0016941612;0.98198396;0.018016014
flor_20260516_090836_818542.jpg;sana;baseline;0.2843542216972693;0;tallos_rotos;cosine_sim_bad;0.2500324115611309;0.5382630112432935;0.09325616107453613;0.7806541269735979;0.22845473107849493;1,07E+11;0.13815868441505716;0.707525908946991;0.6139872842870118;0.7203588;0.0018598947;0.99594206;0.0040579787
flor_20260516_090846_327692.jpg;sana;baseline;0.3250972255160656;2;tallos_rotos;cosine_sim_bad;0.2758553025909111;0.5660245187086181;0.516891416152255;0.6431805033103883;0.2375901132771167;2,83E+10;0.1400743757623451;0.7314223647117615;0.544702842377261;0.75812656;0.0008459473;0.99950755;0.00049243955
flor_20260516_090857_338820.jpg;sana;baseline;0.29203034783573056;2;follaje_blanco;cosine_sim_bad;0.19551755328500184;0.42827760364832973;0.7325690532362533;0.6493317982856177;0.19226221754492046;5,92E+09;0.08482632539582699;0.7435883283615112;0.5478029937228392;0.749357;0.00083984475;0.9996785;0.00032156837
flor_20260516_090906_343847.jpg;sana;baseline;0.2868884127948754;2;follaje_blanco;cosine_sim_bad;0.1854461599687634;0.40558884396537187;0.7702477338715018;0.6370392109837085;0.18479610672311475;3,29E+10;0.07982304287751046;0.7457137107849121;0.5416077322017916;0.7481477;0.0009743844;0.99945945;0.0005406088
flor_20260516_090919_357777.jpg;sana;baseline;0.37240235675394423;2;tallos_rotos;cosine_sim_bad;0.24719082802375536;0.7812587646116143;0.5284999748335842;0.905823979746417;0.30841649404955646;2,04E+10;0.08802200549403834;0.7320771813392639;0.6770708283313325;0.77693385;0.0020219984;0.9921286;0.007871387
flor_20260516_090933_869308.jpg;sana;baseline;0.22469600080424368;2;tallo_amarillo;pct_yellow_in_stem;0.12205345487177294;0.7196851786394642;0.5346233680211233;0.4505970995706625;0.28815468939439237;6,45E+09;0.10028594769193505;0.7324225902557373;0.44764397905759157;0.6489752;0.0011359536;0.9704717;0.029528346
flor_20260516_090942_873858.jpg;sana;baseline;0.39985936235065356;0;tallos_rotos;cosine_sim_bad;0.3173833622682193;0.5620193624220563;0.4995060515078065;0.7230926305853101;0.23627215050118835;3,43E+11;0.07580228696499404;0.730441689491272;0.5849772382397572;0.83622026;0.005215255;0.9897383;0.010261688
flor_20260516_090953_384335.jpg;sana;baseline;0.44811510863956744;0;tallos_rotos;cosine_sim_bad;0.3638122199899863;0.5471002581361032;0.5122135452909548;0.7176113539489606;0.23136277301570735;3,63E+10;0.08111937653540216;0.7311584949493408;0.5822147651006712;0.8346184;0.013267693;0.9639027;0.036097348
flor_20260516_091002_387405.jpg;sana;baseline;0.35342962385405763;0;tallos_rotos;cosine_sim_bad;0.28306816052106126;0.5107102701037753;0.5322268441644644;0.7002301287156879;0.21938804688479335;3,92E+10;0.10017835906653438;0.7322874069213867;0.5734549138804458;0.76070184;0.005204845;0.9836686;0.016331423
flor_20260516_091013_402184.jpg;sana;baseline;0.35130447859199737;2;tallo_amarillo;cosine_sim_bad;0.2786093920133551;0.7737956211175852;0.507849504934693;0.6430858229483803;0.3059606235134816;1,33E+11;0.13083864117159785;0.7309123277664185;0.5446551250343501;0.7599055;0.0013892428;0.999196;0.0008040492
flor_20260516_091023_407964.jpg;revisar;moderada;0.4169416221530924;0;tallos_rotos;cosine_sim_bad;0.46640739069931314;0.5114200140672097;0.09696189703807354;0.7026118345661683;0.21962159984935178;4,17E+11;0.18593142446591326;0.7077349424362183;0.5746552543984784;0.86405313;0.002185539;0.9774131;0.022586886
flor_20260516_091032_917655.jpg;revisar;moderada;0.4260463188139355;0;tallos_rotos;cosine_sim_bad;0.4586291117300596;0.5377484315478368;0.17770298363911607;0.6859206934220692;0.22828540013724405;5,95E+11;0.16514690977198687;0.7122893929481506;0.5662431941923775;0.87547827;0.0025918374;0.97201127;0.02798873
flor_20260516_091041_920576.jpg;sana;baseline;0.23349310771645218;2;tallo_amarillo;pct_yellow_in_stem;0.17902991147756778;0.8858827508128545;0.09440158958450891;0.672280111419017;0.3428447433903198;2,11E+11;0.17330754349796162;0.7075905203819275;0.5593685655456417;0.582691;0.0024092086;0.9155819;0.08441813
flor_20260516_091051_443232.jpg;sana;baseline;0.2775808480462954;2;tallo_amarillo;cosine_sim_bad;0.23652293047809098;0.8900209198429208;0.4163938010909162;0.22422284297753536;0.34420647620469863;1,07E+10;0.15324262586619897;0.7257534861564636;0.33355508249068655;0.7033447;0.00027074257;0.9982948;0.0017051939
flor_20260516_091101_437655.jpg;sana;baseline;0.35927801558612643;0;tallos_rotos;cosine_sim_bad;0.34674865007499645;0.5620665489023272;0.4236753028088336;0.6119659583206992;0.2362876779912723;0.00010182232005149217;0.12391067534751889;0.7261642217636108;0.5289712258573118;0.750291;0.00021169837;0.9978114;0.0021886902
flor_20260516_091112_446756.jpg;sana;baseline;0.3438687306548637;2;tallos_rotos;cosine_sim_bad;0.2483524968508814;0.5115788571842491;0.698112154452395;0.7335675205759962;0.21967386979851028;2,26E+10;0.08490250695432841;0.7416446805000305;0.5902564102564103;0.78493226;0.0010705778;0.9950622;0.0049378187
flor_20260516_091122_454627.jpg;sana;baseline;0.3865738166712978;2;follaje_blanco;cosine_sim_bad;0.28704894924865754;0.5618060874870657;0.7513111800641012;0.7274034979317195;0.2362019688640075;2,22E+11;0.0905270331564599;0.7446455359458923;0.5871498443752778;0.8009267;0.0044346913;0.97127783;0.028722132
flor_20260516_091132_462386.jpg;sana;baseline;0.37565329126223374;0;tallos_rotos;cosine_sim_bad;0.34641937650150145;0.49252432396279444;0.6472610459524595;0.6591058497607202;0.2134036611719886;1,87E+11;0.15571428568250728;0.7387762665748596;0.5527289546716003;0.78462154;0.0023489986;0.98507535;0.014924692
flor_20260516_091142_470099.jpg;sana;baseline;0.38681837911997946;2;tallos_rotos;cosine_sim_bad;0.3612252743014535;0.5008512418513575;0.6627444075360676;0.6762304855749843;0.21614377092804485;2,51E+11;0.15828877001961736;0.7396496534347534;0.5613594890510949;0.7927105;0.0017034514;0.9868053;0.013194679
flor_20260516_091152_981558.jpg;sana;baseline;0.33638116365497883;2;tallos_rotos;cosine_sim_bad;0.3326596607990349;0.5616079963973439;0.4781064037366176;0.6632565100964833;0.23613678372170174;4,87E+11;0.18126397070082015;0.7292345762252808;0.554820819112628;0.71064174;0.0005258038;0.98622745;0.0137726
flor_20260516_091202_985299.jpg;sana;baseline;0.4062023504277217;0;tallo_amarillo;cosine_sim_bad;0.3425821071027466;0.6650661250768022;0.6354443236028049;0.6631012040542223;0.27018138840397815;2,26E+11;0.11611111108960905;0.7381097078323364;0.5547425474254742;0.86369705;0.00033567255;0.9968058;0.0031942546
flor_20260516_091211_994904.jpg;revisar;moderada;0.3575710480072772;0;tallo_amarillo;cosine_sim_bad;0.3996018905843989;0.664981444423715;0.2842954618420812;0.6047787834008546;0.270153522837537;3,39E+10;0.23548272168311982;0.7183020710945129;0.5253490080822925;0.7147184;0.0015301039;0.91974765;0.08025238
flor_20260516_091220_504286.jpg;sana;baseline;0.2215958402412862;2;tallo_amarillo;pct_yellow_in_stem;0.15335728185839512;0.8202123768125501;0.5117052878063635;0.09848216692872931;0.32123482302239503;1,29E+10;0.11962388994257149;0.7311298251152039;0.2701838529176659;0.6381885;0.0029308689;0.61668116;0.38331887
flor_20260516_091229_011176.jpg;sana;baseline;0.2503319656994167;2;tallo_amarillo;pct_yellow_in_stem;0.19867369133470408;0.915463748680368;0.552358489895093;0.04293203216746568;0.3525788589340771;1,78E+10;0.1469478175133781;0.7334229946136475;0.2421875;0.6402198;0.003159788;0.6122191;0.38778087
flor_20260516_091237_515554.jpg;sana;baseline;0.34289878078160674;2;tallo_amarillo;cosine_sim_bad;0.3277717868065841;0.9110329591392025;0.44006951252491083;0.5082262128295961;0.3511208345112045;2,36E+09;0.21524663675199582;0.727088987827301;0.4766881028938907;0.7096002;0.00016274558;0.99577504;0.0042250026
flor_20260516_091247_023927.jpg;enferma;severa;0.6493333950687098;0;botrytis;cosine_sim_bad;0.6649611795236094;0.5967103128004784;0.599447859008033;0.662535669516795;0.2476877802517035;0.0002363052844455519;0.11640372167107567;0.736079216003418;0.5544575273338941;0.8445041;0.02088379;0.96542335;0.034576602
flor_20260516_091256_529499.jpg;enferma;severa;0.5408340167433805;0;tallos_rotos;cosine_sim_bad;0.6418118729836522;0.6167899690100993;0.286722629081387;0.6610873804389816;0.2542953225157875;0.00012516409804518014;0.2527689872417844;0.718438982963562;0.5537276134943774;0.8061497;0.009942163;0.9848355;0.015164474
flor_20260516_091306_038507.jpg;sana;baseline;0.42855803197116665;2;tallos_rotos;cosine_sim_bad;0.36761507862341997;0.20938227995115843;0.7874862216129188;0.8236865786753126;0.12023109870303506;9,73E+10;0.033827695382223646;0.7466861009597778;0.6356749311294766;0.8270958;0.0067814025;0.9959086;0.004091408
flor_20260516_091315_547831.jpg;revisar;moderada;0.3553639726432847;2;follaje_blanco;cosine_sim_bad;0.42751065229901325;0.46783228990049486;0.46822338449881745;0.45794966346187077;0.20527833985425245;1,77E+10;0.24915445307262996;0.7286770939826965;0.45134955014995;0.7468946;0.00054699235;0.9988605;0.0011395323
flor_20260516_091328_054914.jpg;sana;baseline;0.2503713885314799;2;follaje_blanco;cosine_sim_bad;0.17443366476489044;0.6504400014611508;0.6685455168716309;0.43263998491374267;0.2653684210433204;2,34E+10;0.13020527857328368;0.7399768829345703;0.43859388905369323;0.67037904;9,93E+01;0.99251735;0.007482624
flor_20260516_091338_564631.jpg;sana;baseline;0.25766568028307785;2;tallo_amarillo;cosine_sim_bad;0.16868147924463606;0.6956530610559576;0.6136864652551577;0.5280656215951327;0.2802465244850563;5,49E+08;0.12426601118062733;0.7368823885917664;0.4866868381240545;0.6743934;0.00019870378;0.99650025;0.0034997698
flor_20260516_091348_076095.jpg;sana;baseline;0.24982775964826298;2;tallo_amarillo;pct_yellow_in_stem;0.1738136891960379;0.7178861988483745;0.5588517170111287;0.42760708895245164;0.28756270540433965;8,14E+08;0.12924606460518556;0.7337892651557922;0.4360573923892701;0.6715828;0.00041705486;0.9935044;0.0064955275
flor_20260516_091356_579021.jpg;sana;baseline;0.21241935901941955;2;tallo_amarillo;pct_yellow_in_stem;0.18645043791725655;0.8099307771591582;0.4612842433318513;0.0;0.31785149297217097;1,52E+11;0.15172413788120717;0.7282856702804565;0.17150362772079059;0.6384285;9,52E+02;0.9941643;0.00583574
flor_20260516_091408_087821.jpg;sana;baseline;0.3481761490541535;0;tallos_rotos;cosine_sim_bad;0.37290616524989345;0.5418984215967506;0.4388532872343401;0.5484977979511634;0.22965102285296504;3,53E+09;0.20141116093604516;0.7270203828811646;0.496984318455971;0.7343343;0.0013840977;0.9787854;0.021214554
flor_20260516_091417_095574.jpg;sana;baseline;0.18442884244707727;2;tallo_amarillo;pct_yellow_in_stem;0.18994552231196923;0.8073259699941623;0.24996536326227894;0.06776702867057532;0.3169943381856138;6,99E+08;0.2005739795278782;0.7163655757904053;0.25470392916436085;0.44598386;0.0014331343;0.770209;0.22979099
flor_20260516_091426_603058.jpg;revisar;moderada;0.4137180210071657;2;tallo_amarillo;cosine_sim_bad;0.4039611170245562;0.7953075713150263;0.47251557140611394;0.562336292787037;0.3130394857523857;4,68E+11;0.1723404255115437;0.7289192080497742;0.5039586919104991;0.7991982;0.00059744157;0.9994616;0.00053847354
flor_20260516_091437_113343.jpg;revisar;moderada;0.47902022005231587;0;tallo_amarillo;cosine_sim_bad;0.5472707441929797;0.7350742586027003;0.2608923708468071;0.7099920828627417;0.2932187201328136;8,72E+10;0.29409814313856164;0.7169819474220276;0.5783747779751333;0.769954;0.0057529383;0.9980015;0.001998435
flor_20260516_091446_621856.jpg;revisar;moderada;0.594054888468387;0;tallos_rotos;clip_sick_prob;0.505891442704754;0.20086060389385368;0.5614955012656969;0.7141535780528676;0.11742690055732703;6,79E+10;0.089486951357541;0.7339383959770203;0.5804721030042919;0.7414952;0.064901575;0.9755427;0.024457244
flor_20260516_091456_126643.jpg;revisar;moderada;0.5948813563643152;0;tallos_rotos;clip_sick_prob;0.5337547287266806;0.3104979544732727;0.30450741436861195;0.7669593578335492;0.1535048801857134;5,78E+11;0.12769144353794312;0.7194421887397766;0.607085346215781;0.7274376;0.06863461;0.95397776;0.046022177
flor_20260516_091506_638326.jpg;sana;baseline;0.39860888432848307;0;tallos_rotos;clip_sick_prob;0.35138843520350216;0.3449805822427869;0.3694333455187665;0.7949895893818009;0.1648519579436768;5,62E+10;0.12136011793942497;0.7231045365333557;0.6212121212121212;0.7158474;0.018729579;0.98314065;0.016859436
flor_20260516_091514_644091.jpg;sana;baseline;0.42885393136138933;0;tallos_rotos;clip_sick_prob;0.36100816433398963;0.3342595999476114;0.3935158742741075;0.7729788033760633;0.16132404178374143;5,40E+10;0.11372549018520081;0.7244629859924316;0.6101190476190477;0.6894167;0.028667431;0.9763218;0.023678182
flor_20260516_091523_149857.jpg;sana;baseline;0.28302843472172473;2;tallo_amarillo;pct_yellow_in_stem;0.26281322873728263;0.9277176530307875;0.4690782292078285;0.14178534703656379;0.35661120839515226;6,13E+08;0.18414951168522803;0.7287253141403198;0.29200794241747335;0.6864649;0.00043019114;0.9819433;0.018056687
flor_20260516_091534_658853.jpg;sana;baseline;0.28724394356032906;2;tallo_amarillo;gray_mold_score;0.34798599287524207;0.8510458440446517;0.2675155681720003;0.022079625876026385;0.3313810842809291;7,97E+09;0.24157054120639515;0.7173555493354797;0.2316782307025152;0.68565273;0.0005119991;0.9850059;0.014994085
flor_20260516_091544_683456.jpg;revisar;moderada;0.4301090643905668;2;tallo_amarillo;cosine_sim_bad;0.41680615149216543;0.9070350545199262;0.2670485207537272;0.6805886122572243;0.3498052580160757;3,25E+10;0.18364779871326292;0.717329204082489;0.5635559131134352;0.8043372;0.0021671196;0.97138387;0.028616063
flor_20260516_091554_179297.jpg;sana;baseline;0.4007751117409043;2;tallo_amarillo;cosine_sim_bad;0.37659885853944947;0.9170561038623367;0.24885480480842156;0.6850309310479502;0.35310284968643124;3,67E+10;0.1771515612829929;0.7163029313087463;0.56579476861167;0.7668324;0.0022182663;0.97431606;0.025683988
flor_20260516_091603_681571.jpg;sana;baseline;0.3542314138226995;2;tallo_amarillo;cosine_sim_bad;0.27551050147504325;0.6849958337796656;0.6353745834905741;0.6790989516223845;0.27673958796627723;2,00E+09;0.12927756653047107;0.7381057739257812;0.5628051486906347;0.77316123;0.0010026686;0.9981166;0.0018833687
flor_20260516_091612_190384.jpg;sin_flores;severa;0.7866761210186337;0;tallos_rotos;clip_sick_prob;0.717748805512355;0.46964538453030275;0.6668580174893185;0.9380427348067056;0.20587496856493223;0.00019593074488123946;0.09365895989006019;0.739881694316864;0.6933085501858736;0.81682533;0.31922418;0.14316571;0.8568343
flor_20260516_091626_201916.jpg;revisar;moderada;0.382269873833281;0;tallos_rotos;cosine_sim_bad;0.4361612310219225;0.4155868146698523;0.11024210507620813;0.7123884706325708;0.18808610398677683;6,02E+11;0.19387153797016862;0.7084840536117554;0.5795825179386823;0.7652772;0.0050875046;0.9935191;0.0064808475
flor_20260516_091635_709678.jpg;sana;baseline;0.3507262686278927;2;tallos_rotos;cosine_sim_bad;0.29627786412285473;0.5881685374591603;0.48778231597445965;0.6993035708055859;0.24487696810487866;1,24E+10;0.1304786620342447;0.729780375957489;0.5729879439556859;0.79709315;0.00036377556;0.99962354;0.0003764123
flor_20260516_091645_718611.jpg;sana;baseline;0.3474956405432009;2;tallos_rotos;cosine_sim_bad;0.2745741202355819;0.6578639340094673;0.4518545348235514;0.7134890660000411;0.2678113885705835;9,00E+08;0.11457478806199414;0.727753758430481;0.5801371998752729;0.7978443;0.0002710918;0.9995448;0.00045513734
flor_20260516_091656_226835.jpg;sana;baseline;0.28687938657430284;2;tallo_amarillo;cosine_sim_bad;0.20152949462574204;0.7504907713781426;0.3351085302807999;0.6625003885350125;0.29829177809083374;1,64E+10;0.1068200492796179;0.7211683392524719;0.5544397463002114;0.716369;0.00013644711;0.99842644;0.0015736246
flor_20260516_091705_734449.jpg;sana;baseline;0.27600602688955467;2;tallo_amarillo;pct_yellow_in_stem;0.16512901419800283;0.8922161564769088;0.4522064053898069;0.6644154025666898;0.3449288550486049;3,49E+11;0.10758647045526724;0.7277736067771912;0.5554048818287486;0.6573181;0.0001837082;0.9975815;0.0024185232
flor_20260516_091727_250958.jpg;sana;baseline;0.323447925229545;2;tallo_amarillo;cosine_sim_bad;0.2202145216823119;0.9263435698394807;0.3928987799477015;0.6936168914303309;0.3561590436436175;3,72E+10;0.10367953596090637;0.7244281768798828;0.5701219512195121;0.7172941;0.00025493326;0.99377394;0.006226041
flor_20260516_091738_759813.jpg;sana;baseline;0.3184393781893771;2;tallo_amarillo;cosine_sim_bad;0.21076124752960462;0.9635854614825031;0.400347235267626;0.6650021824513999;0.36841410271717884;3,37E+11;0.10447761192104706;0.7248483300209045;0.5557006092254134;0.7094143;0.00040711203;0.98035735;0.019642696
flor_20260516_091750_771929.jpg;sana;baseline;0.24634248136041556;2;tallo_amarillo;pct_yellow_in_stem;0.1141992359836897;1.0;0.3947373829065139;0.5929313528721007;0.3925315185450189;2,75E+11;0.09554672797500591;0.724531888961792;0.5193780982424515;0.624216;0.0012061117;0.87100923;0.12899072
flor_20260516_091802_277546.jpg;sana;baseline;0.21362365006599898;2;tallo_amarillo;pct_yellow_in_stem;0.20036118759147317;0.7223091672987154;0.21554756120800458;0.2830363591929528;0.2890181561681996;6,91E+08;0.16960447117695565;0.7144241333007812;0.36319612590799033;0.64300257;0.00023969234;0.9874972;0.012502781
flor_20260516_091815_292945.jpg;sana;baseline;0.264319862140855;2;tallo_amarillo;cosine_sim_bad;0.25111235342300997;0.763126194372131;0.2574127619138363;0.32683244319038923;0.30244967255803856;9,38E+08;0.16688467406072763;0.7167856693267822;0.3852686308492201;0.6906259;0.00017590685;0.9836193;0.0163808
flor_20260516_091824_799869.jpg;sana;baseline;0.3584673994249999;2;tallo_amarillo;cosine_sim_bad;0.3188939753001509;0.7075195536021486;0.46149557700527805;0.6415515099187716;0.28415138969822795;1,04E+11;0.15723377173040018;0.7282975912094116;0.5438818565400844;0.7710901;0.00070029154;0.9990056;0.000994449
flor_20260516_091833_802306.jpg;revisar;moderada;0.5003736646318374;0;tallos_rotos;cosine_sim_bad;0.4727042331267123;0.4424756120854159;0.40136692024190984;0.8628512318942804;0.19693430654059352;0.00010018605982533266;0.12499999998945681;0.7249058485031128;0.6554132712456344;0.79307085;0.017934905;0.9186063;0.08139374
flor_20260516_091842_312897.jpg;revisar;moderada;0.42212517872358835;0;tallos_rotos;cosine_sim_bad;0.3982302073040924;0.38338854132527245;0.2947015319216125;0.652167536330624;0.17749073075260247;7,27E+10;0.11541072639563128;0.718889057636261;0.5492321589882565;0.7574598;0.018247973;0.61941504;0.3805849
flor_20260516_091850_820335.jpg;sin_flores;severa;0.655589405848362;0;tallos_rotos;clip_sick_prob;0.6001428823133874;0.5662168320345861;0.2951897127072282;0.7101854309418085;0.2376533971509049;0.00012500660246132425;0.12535069014416444;0.7189165949821472;0.5784722222222223;0.7267137;0.09629271;0.3312862;0.6687138
flor_20260516_091859_827175.jpg;sana;baseline;0.26765270803231617;2;tallo_amarillo;pct_yellow_in_stem;0.19314423963222682;0.7174522239743811;0.558980630551919;0.5329324377195849;0.2874198988098678;7,94E+08;0.1417938220932458;0.7337965369224548;0.4891396332863187;0.67190236;0.0008287233;0.97463244;0.025367586
flor_20260516_091909_336094.jpg;sana;baseline;0.28768274401822524;2;tallo_amarillo;pct_yellow_in_stem;0.24366061920972507;0.8086405069549374;0.5259491773953239;0.38494097648955766;0.31742690826725994;3,61E+09;0.16866685271479515;0.7319332957267761;0.4145543744889616;0.6837785;0.0007517518;0.9745111;0.025488969
flor_20260516_091919_345678.jpg;sana;baseline;0.2689141390503894;2;tallo_amarillo;pct_yellow_in_stem;0.23558592115640692;0.7566660979110335;0.20894338391341982;0.6133894285907099;0.3003238712021214;5,83E+09;0.17474674382841934;0.7140516042709351;0.5296886314265025;0.6628706;0.0010501368;0.92465574;0.075344324
flor_20260516_091929_351167.jpg;sana;baseline;0.22530909541578986;2;tallo_amarillo;pct_yellow_in_stem;0.08040884051104469;1.0;0.4912788316013046;0.6290024547717388;0.3897718814138197;6,01E+09;0.10819509778755508;0.7299776077270508;0.5375573394495413;0.59786254;0.00054685265;0.99716824;0.0028318025
flor_20260516_091940_366676.jpg;sana;baseline;0.3611554583031537;2;tallo_amarillo;cosine_sim_bad;0.3523404135639231;0.9866011363906765;0.4408239737390442;0.49183094095299573;0.3759877903891474;4,52E+09;0.2292424931625772;0.7271315455436707;0.468425155925156;0.7120614;0.00037459095;0.9993112;0.0006887458
flor_20260516_091951_368416.jpg;revisar;moderada;0.5413686775255273;0;tallos_rotos;cosine_sim_bad;0.5067615286946556;0.5549930058770421;0.36595162324906144;0.7569289633398079;0.2339600119192808;7,84E+10;0.13598130839003406;0.7229081392288208;0.6020301926080167;0.7979675;0.02567969;0.98589236;0.014107704
flor_20260516_092000_876249.jpg;sana;baseline;0.3792120985494043;0;follaje_blanco;cosine_sim_bad;0.26274083907098733;0.6470565129292803;0.744861276351118;0.6949743742841529;0.2642550283018817;3,01E+11;0.06482095489641562;0.7442817091941833;0.5708061002178649;0.81700665;0.0015842055;0.99606556;0.003934508
flor_20260516_092015_390057.jpg;revisar;moderada;0.45295472056320185;0;tallos_rotos;cosine_sim_bad;0.43514058258241217;0.5764034993858359;0.5989005047938578;0.7184175658538146;0.24100548816037634;0.00015411002126979907;0.10968997635066176;0.7360483407974243;0.5826210826210826;0.79528975;0.002264085;0.992759;0.0072409576
flor_20260516_092023_895558.jpg;revisar;moderada;0.46254968083384423;0;tallos_rotos;cosine_sim_bad;0.4502710327353699;0.5803985616415499;0.5821861245625392;0.7234648588715991;0.2423201293288655;0.00017753261369215595;0.10524132207091116;0.7351055145263672;0.5851648351648352;0.7909933;0.0024374502;0.9944258;0.005574261
flor_20260516_092033_901507.jpg;revisar;moderada;0.48705168233625834;0;tallos_rotos;cosine_sim_bad;0.46104778313108885;0.6419524516357507;0.5493934784569162;0.7603053091983717;0.26257545269742916;0.0001899351289811164;0.08641225084025131;0.7332557439804077;0.6037318153067679;0.81165785;0.003179543;0.9929958;0.0070041497
flor_20260516_092043_409547.jpg;sana;baseline;0.4074286184940305;0;tallo_amarillo;cosine_sim_bad;0.33853426422775623;0.8973107665463179;0.45337296726712234;0.6807592269768122;0.3466053205717805;7,77E+10;0.12658227847047115;0.7278394103050232;0.5636419001218027;0.7380674;0.0054362584;0.9342139;0.06578619
flor_20260516_092052_418622.jpg;sana;baseline;0.43028733753675064;0;tallo_amarillo;cosine_sim_bad;0.32459984304091133;1.0;0.6117443087963662;0.6939481848318132;0.38239317613332285;4,58E+09;0.11603717910032184;0.7367728352546692;0.5702889176369125;0.8677582;0.00052735576;0.9998833;0.00011666921
flor_20260516_092101_425885.jpg;sana;baseline;0.3971454547062257;0;tallo_amarillo;cosine_sim_bad;0.31613865949634845;0.7321881270674935;0.5091439236844317;0.6953444487018571;0.2922689909193499;2,60E+10;0.09371146730503258;0.7309853434562683;0.570992611628654;0.85588294;0.00042849017;0.9999006;9,94E+01
flor_20260516_092110_932918.jpg;revisar;moderada;0.38334058653249653;0;tallos_rotos;cosine_sim_bad;0.40561967947488137;0.524060686646153;0.19977467249180192;0.6604334796199909;0.2237812217791235;5,61E+09;0.17525385476673416;0.713534414768219;0.5533980582524272;0.85821646;0.00040837296;0.9998903;0.000109607405
flor_20260516_092129_444889.jpg;sana;baseline;0.34688695386573;2;tallos_rotos;cosine_sim_bad;0.3285491159358258;0.6625571830919621;0.27181726509460097;0.7125351659912825;0.2693557796370799;4,20E+10;0.15711434273412522;0.7175981998443604;0.5796564499831593;0.7487502;0.0003468946;0.9991516;0.0008484093
flor_20260516_092138_956346.jpg;sana;baseline;0.30696154285760047;2;tallo_amarillo;cosine_sim_bad;0.1471951483109631;0.86204993208872;0.7362631658477522;0.6314791231687419;0.3350021610598256;4,24E+09;0.07012195121416753;0.743796706199646;0.5388055395268322;0.7194258;0.0020447252;0.9997582;0.00024179903
flor_20260516_092154_966787.jpg;revisar;moderada;0.44663275310909945;0;tallos_rotos;cosine_sim_bad;0.40980289803404135;0.5653794724095194;0.38087495059808874;0.7203590804842978;0.23737785014675775;0.00013066572991842556;0.0851815344106143;0.7237499356269836;0.5835995740149095;0.7980613;0.008476125;0.96930975;0.030690324
flor_20260516_092203_973383.jpg;revisar;moderada;0.45836602220401057;0;tallos_rotos;cosine_sim_bad;0.5265957807972728;0.5129267783053759;0.37533483834920744;0.6529713466162022;0.22011742548908178;0.00011729517330359307;0.19294947116499422;0.7234374284744263;0.5496372661321115;0.8203182;0.00073727017;0.9998436;0.00015638355
flor_20260516_092213_481647.jpg;enferma;severa;0.47673763011410425;2;tallo_amarillo;cosine_sim_bad;0.5921283994725454;0.6794818692793003;0.032214542841964566;0.6287321297477956;0.27492512694670235;9,57E+10;0.27441540568280076;0.7040826678276062;0.5374211000901713;0.82914776;0.0014112804;0.99895334;0.001046619
flor_20260516_092226_494364.jpg;enferma;severa;0.4721159159638778;2;tallo_amarillo;cosine_sim_bad;0.583553423030854;0.7435655031287081;0.0;0.5846211113878462;0.296012904280916;9,63E+10;0.27966881316170844;0.7020885348320007;0.5151898734177216;0.81490916;0.0023261528;0.9993187;0.0006812827
flor_20260516_092239_504666.jpg;sana;baseline;0.30807389383967126;2;tallo_amarillo;gray_mold_score;0.3738284555195248;0.6335132593163331;0.012413634310248759;0.5619660832125832;0.25979839718695846;2,70E+10;0.25421073237202874;0.7029657363891602;0.5037721123829345;0.7085837;0.00030354818;0.9960375;0.0039624735
flor_20260516_092252_015077.jpg;revisar;moderada;0.3532594076636881;2;tallo_amarillo;cosine_sim_bad;0.4457371237234209;0.5840952357705006;0.0;0.496470465960395;0.2435365809597398;1,70E+10;0.32381763940186725;0.6960187554359436;0.4707634001082837;0.76350623;0.0011840826;0.9989458;0.0010542123
flor_20260516_092302_522621.jpg;sana;baseline;0.36478577417341795;0;tallos_rotos;clip_sick_prob;0.331274036433835;0.3115072385447811;0.3622818140100066;0.7269882619241019;0.15383700176634896;4,67E+09;0.15593354429146095;0.7227011322975159;0.586940572267058;0.70307386;0.01851777;0.99230754;0.0076924437
flor_20260516_092312_031154.jpg;revisar;moderada;0.4435353910054405;0;tallos_rotos;clip_sick_prob;0.3910850887491125;0.32771504254221273;0.30866540439328255;0.7305130660131216;0.15917044716018527;5,59E+08;0.13647318737332062;0.7196767330169678;0.5887170154686079;0.73367304;0.030162988;0.91615194;0.08384803
flor_20260516_092322_039848.jpg;sana;baseline;0.32770931818171084;0;tallos_rotos;cosine_sim_bad;0.3016928502591044;0.3178743454331439;0.29416157438600726;0.7256561226695639;0.15593220336868716;4,25E+09;0.13544379882433943;0.7188585996627808;0.5862691960252936;0.75481486;0.007892149;0.9902355;0.009764455
flor_20260516_092331_046665.jpg;sana;baseline;0.2983759941317764;2;tallo_amarillo;cosine_sim_bad;0.22316922065686287;0.6312862589581194;0.6195129346315322;0.6194104204106984;0.2590655659653773;1,75E+10;0.12741952177544566;0.7372110486030579;0.5327231121281465;0.7058248;0.0007390132;0.93247515;0.06752483
flor_20260516_092339_553786.jpg;sana;baseline;0.313817331664671;2;follaje_blanco;cosine_sim_bad;0.22636998016565038;0.6675087266242195;0.7377837116280574;0.6826963245397705;0.2709851667550808;1,63E+11;0.13467749827398673;0.7438824772834778;0.5646181653863533;0.70111555;0.0005430153;0.973993;0.026007077
flor_20260516_092351_564036.jpg;sana;baseline;0.21713841901571845;2;tallo_amarillo;pct_yellow_in_stem;0.2331617374291736;0.9056262944476919;0.13400340664794053;0.20554510865035813;0.34934168226457546;0.0;0.22312539955949168;0.7098243832588196;0.3241418120427687;0.6015131;0.00021793555;0.993305;0.006694982
flor_20260516_092405_076411.jpg;sana;baseline;0.23715340729192366;2;tallo_amarillo;gray_mold_score;0.2635293167477357;0.9547622394893193;0.1713249333750979;0.2352950991780837;0.36551067590465086;5,33E+08;0.2623722700598705;0.7119296193122864;0.33913531723750706;0.59635997;0.00020294341;0.9823017;0.017698267
flor_20260516_092415_585032.jpg;revisar;moderada;0.39904571857754856;2;tallo_amarillo;pct_yellow_in_stem;0.4232407238512753;1.0;0.2762521022314605;0.6405125407500831;0.4127104217736822;4,93E+11;0.26094684112765437;0.7178483605384827;0.543358233192595;0.7099846;0.00014831685;0.9987675;0.0012325541
flor_20260516_092425_090069.jpg;revisar;moderada;0.3729572101220239;0;tallo_amarillo;gray_mold_score;0.4825029285551707;0.6344907863782498;0.0;0.4661797579304901;0.2601200685994803;9,62E+10;0.3677884613616402;0.693126916885376;0.45549738219895286;0.7046235;0.0033844525;0.94890857;0.05109143
flor_20260516_092436_093826.jpg;enferma;severa;0.44524703350415096;0;tallos_rotos;cosine_sim_bad;0.5543009318886553;0.600731296176576;0.1201747877272636;0.6600966187724079;0.24901095119264888;9,51E+10;0.31435916257276564;0.709044337272644;0.5532282859338971;0.79593194;0.0002994744;0.9969643;0.0030357335
flor_20260516_092445_609114.jpg;revisar;moderada;0.4332821168460355;0;tallos_rotos;cosine_sim_bad;0.5437307473741877;0.6020217628969157;0.08624516645860496;0.646446490269189;0.2494356005644321;9,60E+10;0.32069094993590275;0.7071304321289062;0.5463488460083239;0.7838845;0.00031002826;0.9905256;0.00947434
flor_20260516_092456_118838.jpg;sana;baseline;0.19144191393030718;2;tallo_amarillo;pct_yellow_in_stem;0.14603109734900688;0.8726759977202284;0.4757088232115916;0.0;0.33849884332510666;1,09E+09;0.16123093106769715;0.7290993332862854;0.1941986234021632;0.3479836;0.003428574;0.6623265;0.33767346
flor_20260516_092506_127384.jpg;sana;baseline;0.20572022980846336;2;tallo_amarillo;pct_yellow_in_stem;0.17081409222181976;0.8537796024023172;0.5738976178907434;0.0;0.332280672585604;5,43E+08;0.18002678397168034;0.734637975692749;0.1431845965770171;0.35829437;0.0032675315;0.69613427;0.30386576
flor_20260516_092515_632183.jpg;sana;baseline;0.1906946959860223;2;tallo_amarillo;pct_yellow_in_stem;0.16610048350662607;0.8622893821129152;0.4851078883372446;0.0;0.33508095604209465;3,51E+10;0.1821488528004828;0.7296295166015625;0.1922082717872969;0.36733907;0.0010954974;0.74898326;0.25101677
flor_20260516_092526_646474.jpg;sana;baseline;0.2249880765120553;2;tallo_amarillo;gray_mold_score;0.26566246466458143;0.9337974282579657;0.10769870431651765;0.11695402574779429;0.35861185877234664;2,46E+09;0.2963030082826562;0.708340585231781;0.2794933655006031;0.590292;0.0015009134;0.90638757;0.09361245
flor_20260516_092536_649600.jpg;sana;baseline;0.3509768532235453;0;tallos_rotos;cosine_sim_bad;0.2718372944344174;0.44113952360818304;0.36168902305604467;0.788920429562516;0.19649464457677754;5,88E+10;0.04593416977028011;0.7226676940917969;0.6181533646322379;0.7681682;0.006997043;0.9718186;0.028181363
flor_20260516_092545_657023.jpg;sana;baseline;0.29585737344445656;0;tallos_rotos;cosine_sim_bad;0.2791158607879182;0.12286185827817538;0.05621676480140341;0.8069908308456647;0.0917601260458096;7,92E+10;0.03284023668315185;0.7054365873336792;0.6272605492297387;0.7662878;0.004441686;0.99223655;0.0077634817
flor_20260516_092554_162411.jpg;revisar;moderada;0.3472257356015345;0;tallos_rotos;cosine_sim_bad;0.3960016585763193;0.03737199885591113;0.20382805234812626;0.6593020639300684;0.06362827690525727;6,89E+10;0.11945564510108082;0.7137630581855774;0.552827843380982;0.83495873;0.0019426451;0.9758523;0.024147669
flor_20260516_092603_670510.jpg;sana;baseline;0.3420723901605055;0;tallos_rotos;cosine_sim_bad;0.37945541124747306;0.05115955424040202;0.17371828722665542;0.6761331874883623;0.06816529954998622;6,56E+10;0.10755377683464043;0.7120646238327026;0.5613104524180967;0.83752763;0.00209078;0.95873183;0.041268196
flor_20260516_092612_676897.jpg;sana;baseline;0.158578746890723;2;tallo_amarillo;pct_yellow_in_stem;0.15104493639327657;0.8183465008151126;0.10026292901699878;0.044585052392931444;0.3206208257316097;2,98E+09;0.16523136982831194;0.7079211473464966;0.24302059496567505;0.59543097;0.0002535361;0.9597262;0.04027383
flor_20260516_092622_187823.jpg;sana;baseline;0.17761319882338772;2;tallo_amarillo;pct_yellow_in_stem;0.17952718418063165;0.9066544441534787;0.11119099326989407;0.05425726179305928;0.3496800118935228;2,33E+10;0.19163958307837728;0.7085375785827637;0.24789522918615528;0.5881225;0.00030954453;0.9075173;0.09248266
flor_20260516_092633_694606.jpg;sana;baseline;0.2029735107040411;2;tallo_amarillo;pct_yellow_in_stem;0.22659222857682795;1.0;0.14130921173830197;0.00046539305154046936;0.3833222246766155;3,19E+10;0.22834562695170224;0.7102364897727966;0.2207850133809099;0.5641388;0.0006801902;0.7884349;0.21156503
flor_20260516_092720_234309.jpg;revisar;moderada;0.5375093654125203;0;tallos_rotos;cosine_sim_bad;0.4483503906264068;0.50712244658122;0.6755322081151179;0.7711791480637776;0.21820741434238952;2,42E+11;0.12113564668260207;0.7403709888458252;0.6092120509849362;0.8029249;0.028517665;0.94232965;0.057670373
flor_20260516_092729_238935.jpg;sana;baseline;0.37312159872301776;0;tallos_rotos;cosine_sim_bad;0.3135785680296874;0.5269336261893355;0.4274137954917522;0.6661716045048286;0.2247266099498951;1,81E+10;0.09859768945007645;0.7263751029968262;0.5562899786780384;0.821731;0.0043948707;0.9006164;0.09938362
flor_20260516_092739_243267.jpg;sana;baseline;0.4004827793316175;0;tallos_rotos;cosine_sim_bad;0.3794970793320298;0.5163846733935703;0.32080124058981146;0.6551815870658114;0.22125530293586124;4,18E+10;0.11650689980864774;0.7203612923622131;0.5507511909124221;0.8559953;0.0037262803;0.90058976;0.09941026
flor_20260516_092749_256245.jpg;sana;baseline;0.34713965212687925;0;tallos_rotos;cosine_sim_bad;0.3078260180315102;0.6183898899580457;0.3780937994557932;0.7783575460181363;0.2548218029082996;5,63E+10;0.13790767442776466;0.7235930562019348;0.6128298453139217;0.7359548;0.0009142478;0.92881835;0.07118166
flor_20260516_092801_266349.jpg;revisar;moderada;0.38978258645004005;0;tallos_rotos;cosine_sim_bad;0.39046834900138716;0.6127387337820484;0.34223787175385006;0.7572106620522897;0.25296219670368986;8,52E+10;0.15901244898430666;0.7215704917907715;0.6021721641190668;0.7638035;0.00029335354;0.9647838;0.03521619
flor_20260516_092813_275723.jpg;sana;baseline;0.35248261066136743;2;follaje_blanco;cosine_sim_bad;0.22667144320497193;0.7318986864789729;0.793136227371982;0.6851767589515396;0.2921737457168611;3,40E+10;0.10300355381732182;0.7470048069953918;0.5658682634730539;0.7395104;0.004702613;0.9989434;0.0010566718
flor_20260516_092827_788761.jpg;revisar;moderada;0.37573373983797853;0;tallos_rotos;cosine_sim_bad;0.4247813185442888;0.3725501533183615;0.3234640448749881;0.77046903692297;0.17392418030559373;3,16E+11;0.22211211774885162;0.7205114960670471;0.6088541666666667;0.7531039;0.0033662685;0.98685724;0.013142801
flor_20260516_092839_295580.jpg;sana;baseline;0.3349873641973274;2;tallo_amarillo;cosine_sim_bad;0.29307256920487884;0.6439961952532064;0.594772101483467;0.6165155785090591;0.26324798026405255;2,36E+11;0.15792213198439287;0.7358154654502869;0.5312641594925238;0.7306296;0.000353523;0.98052204;0.01947798
flor_20260516_092850_811534.jpg;revisar;moderada;0.46934564088966324;0;tallos_rotos;clip_sick_prob;0.45327614668924876;0.07728417641669742;0.5529893209102718;0.8066392005116669;0.07676203762961477;0.00011493781043439668;0.11976205055377814;0.7334585785865784;0.6270833333333333;0.7247998;0.025825452;0.90409845;0.09590156
flor_20260516_092902_316222.jpg;sana;baseline;0.2068426674328266;0;tallos_rotos;cosine_sim_bad;0.15864125132572718;9,81E+10;0.45726679020000954;0.7093172673676454;0.05136268341123549;2,26E+10;0.08976241899872463;0.7280590534210205;0.5780346820809249;0.6656205;0.0048889536;0.87621254;0.12378745
flor_20260516_092914_825460.jpg;sana;baseline;0.30696943379752656;0;tallos_rotos;clip_sick_prob;0.19787011293386958;0.15792035571273697;0.6335476038838002;0.870801925486399;0.10329670322102805;2,30E+10;0.07976640329235545;0.7380027174949646;0.6594202898550725;0.66204673;0.016525898;0.4663201;0.5336799
flor_20260516_092923_834105.jpg;sana;baseline;0.33312746559053236;2;tallo_amarillo;cosine_sim_bad;0.260721542846266;0.7744182044852441;0.45854007558240545;0.636198526727356;0.3061654948455292;2,78E+11;0.12233764291739499;0.7281308770179749;0.5411840411840412;0.741608;0.0005909266;0.99630296;0.0036970028
flor_20260516_092934_841596.jpg;sana;baseline;0.35185984863902264;2;tallo_amarillo;cosine_sim_bad;0.2831835037680729;0.8357793923983168;0.5145847091068024;0.6438229136982555;0.3263574064140033;4,86E+10;0.1320448509787515;0.7312922477722168;0.5450266066311912;0.72936314;0.00044470475;0.99406;0.0059400448
flor_20260516_092944_856305.jpg;revisar;moderada;0.3582170051726642;2;tallos_rotos;cosine_sim_bad;0.4620963878973642;0.4612786247307474;0.053529657143782765;0.6527973000896262;0.20312174817052564;6,68E+10;0.35852842797373635;0.7052850127220154;0.5495495495495496;0.7307941;0.00030111428;0.9992483;0.0007516458
flor_20260516_092954_360853.jpg;sana;baseline;0.30419187048969487;0;tallos_rotos;cosine_sim_bad;0.24691975501013497;0.5033045751801556;0.4603712818626479;0.8114271933895951;0.21695108074892477;5,44E+10;0.12260967377928293;0.7282341718673706;0.6294964028776978;0.6958343;0.0010008782;0.95916337;0.040836602
flor_20260516_093007_370756.jpg;sana;baseline;0.29231828632943074;0;tallos_rotos;cosine_sim_bad;0.18949296225790918;0.5086311484875984;0.446803660028653;0.7196576672503516;0.21870387760382343;3,53E+09;0.08633983816407997;0.7274688482284546;0.5832460732984293;0.66116995;0.010423551;0.49863628;0.50136375
flor_20260516_093018_376744.jpg;sana;baseline;0.18432458853148384;2;tallo_amarillo;pct_yellow_in_stem;0.10463553705874286;0.8422639321198584;0.44000294241778143;0.23167565749569147;0.32849125122817335;4,94E+09;0.131664029708216;0.7270852327346802;0.3373111782477341;0.54028094;0.0022781051;0.9068428;0.09315722
flor_20260516_093031_392892.jpg;sana;baseline;0.19591233418267512;2;tallo_amarillo;pct_yellow_in_stem;0.12776317775107554;0.8467562184520657;0.34829046816079107;0.3822845727171351;0.3299695121850619;2,02E+09;0.1433163012903151;0.7219119071960449;0.4132155907429963;0.57633984;0.00047330814;0.93434;0.06566005
flor_20260516_093042_899532.jpg;sin_flores;severa;0.6646473854353552;0;tallos_rotos;clip_sick_prob;0.5591042341500202;0.0;0.7490932331614879;1.0;0.027670527652721665;4,54E+11;0.07585272749194355;0.7445204257965088;0.830028328611898;0.84059256;0.3226977;0.18805532;0.81194466
flor_20260516_093051_419688.jpg;sana;baseline;0.3825259982520408;0;tallos_rotos;clip_sick_prob;0.2814823015074929;0.29741801560949666;0.5713478771208502;0.7762640226641918;0.14920071043540536;2,32E+09;0.09376104629782953;0.734494149684906;0.6117747440273038;0.7259025;0.02169587;0.89035887;0.10964115
flor_20260516_093102_914303.jpg;revisar;moderada;0.6265939885477202;0;tallos_rotos;clip_sick_prob;0.4767995368887593;0.3803671096513881;0.5891485124335821;1.0;0.17649647879555613;1,73E+11;0.08492843592990787;0.7354982495307922;0.7797029702970297;0.77272016;0.057198495;0.50567937;0.49432066
flor_20260516_093112_423528.jpg;sana;baseline;0.17202416246124347;2;tallo_amarillo;pct_yellow_in_stem;0.12096204184621064;0.7067952027582859;0.4307930209298453;0.0;0.28391303009859725;9,77E+08;0.11685185184103224;0.7265657186508179;0.16111276405831598;0.61425704;0.0024429804;0.6828551;0.3171449
flor_20260516_093121_431873.jpg;sana;baseline;0.22521094205728545;2;tallo_amarillo;pct_yellow_in_stem;0.1626632043554701;0.7689082493557508;0.5514053750279385;0.04006138426360082;0.30435235317560905;8,85E+09;0.11459106426342652;0.7333692312240601;0.24074074074074073;0.6604413;0.0027266042;0.9024583;0.09754175
flor_20260516_093130_940092.jpg;sana;baseline;0.2255998163658893;2;tallo_amarillo;pct_yellow_in_stem;0.16503883406156122;0.7581593927595242;0.5653924942036854;0.06495352176774974;0.3008152645168841;1,02E+10;0.11927621860271224;0.7341582179069519;0.2532859680284192;0.65630645;0.0024268252;0.87865204;0.12134797
flor_20260516_093140_942959.jpg;sana;baseline;0.19253768517037592;2;tallo_amarillo;pct_yellow_in_stem;0.18084390973374972;0.8299875721874261;0.192718241136084;0.10178766966517444;0.3244515123872371;6,62E+09;0.17138613859689245;0.7131363749504089;0.2718497718497719;0.6085284;0.0013034783;0.9420981;0.05790196
flor_20260516_093150_455259.jpg;revisar;moderada;0.5191496959772111;0;tallos_rotos;cosine_sim_bad;0.46138444208698604;0.5901773988538916;0.698428098294168;0.834944022040192;0.24553801710042938;5,02E+11;0.14275971811234525;0.7416625022888184;0.6413484971567831;0.82693136;0.014656876;0.95579463;0.044205315
flor_20260516_093158_959307.jpg;sana;baseline;0.36282202723031676;0;tallos_rotos;cosine_sim_bad;0.2849014889442686;0.5788537726048013;0.6491154989367789;0.6693000559321391;0.24181179100161274;4,20E+10;0.09616406331992731;0.7388808727264404;0.5578666666666666;0.7814774;0.001971157;0.96754;0.032459985
flor_20260516_093208_469493.jpg;sana;baseline;0.3616546343999419;0;tallos_rotos;cosine_sim_bad;0.31163962976249887;0.495992375843954;0.5201544080699634;0.6501958913312866;0.21454488087911777;4,89E+10;0.10135223840076772;0.7316064238548279;0.5482384823848239;0.79304475;0.002255639;0.95727223;0.042727817
flor_20260516_093217_978848.jpg;sana;baseline;0.34758992380702886;0;tallos_rotos;cosine_sim_bad;0.26427239120232354;0.5159420548050734;0.5637472615560585;0.6673479181669747;0.22110965198447885;3,80E+09;0.0752856822680612;0.7340654134750366;0.5568828213879409;0.78998905;0.0027541625;0.9579517;0.04204822
flor_20260516_093227_987730.jpg;sana;baseline;0.1672327040886003;2;tallo_amarillo;pct_yellow_in_stem;0.013135381156903731;0.6984165900748786;0.5137499410967669;0.6602737071217388;0.2811559093171429;1,22E+11;0.057094878243980705;0.7312451601028442;0.5533175355450237;0.5542613;0.00043533958;0.9789853;0.021014722
flor_20260516_093237_994180.jpg;sana;baseline;0.33028588809789444;2;follaje_blanco;cosine_sim_bad;0.24267010728065774;0.5523324655174696;0.6894538138521026;0.6575645025341573;0.23308451720524515;6,99E+09;0.1004854813501433;0.741156280040741;0.5519521410579346;0.7771293;0.00043681276;0.99773514;0.0022648263
flor_20260516_093249_005513.jpg;sana;baseline;0.40745967522825444;0;tallos_rotos;pct_brown_lesions;0.37930046917266264;0.5541431722067764;0.5087445030416552;0.8150955172201482;0.23368036012469323;0.0002063402738697042;0.09184556785908539;0.7309628129005432;0.6313451776649746;0.70252806;0.0028839752;0.91353875;0.08646122
flor_20260516_093259_509019.jpg;revisar;moderada;0.584221737018401;2;tallos_rotos;clip_sick_prob;0.48336408160277466;0.399161453849671;0.6559320665731575;0.6610233124506427;0.1826810679299256;3,30E+10;0.12777297606917704;0.7392653822898865;0.5536953242835596;0.7514757;0.048785593;0.9978998;0.0021002246
flor_20260516_093310_520363.jpg;sin_flores;moderada;0.5592288590194782;0;tallos_rotos;clip_sick_prob;0.45033171723359566;0.0;0.6322426184503902;0.8818631899645661;0.03444740618526811;2,73E+11;0.06612561098716908;0.737929105758667;0.6649949849548646;0.78642166;0.047137875;0.3691951;0.6308049
flor_20260516_093320_024278.jpg;revisar;moderada;0.5200292125319432;0;tallos_rotos;clip_sick_prob;0.42315290140486217;0.0;0.5939869968866868;0.9231291512544679;0.040463603082459616;1,04E+11;0.08253998475984958;0.7357711791992188;0.6857923497267759;0.7864101;0.0405239;0.50772035;0.49227965
flor_20260516_093333_036862.jpg;sin_flores;moderada;0.5322321558102481;0;tallos_rotos;clip_sick_prob;0.45431834579222813;0.0;0.5366754179900967;0.9841148999057988;0.04339457567044714;3,16E+11;0.0957285670912119;0.7325383424758911;0.716528162511542;0.7823154;0.039485775;0.3168967;0.68310326
flor_20260516_093351_053143.jpg;sin_flores;moderada;0.6145584107550951;0;tallos_rotos;clip_sick_prob;0.517948797846443;0.2570579990434751;0.4209554384318318;0.7762271649767543;0.13591958089538161;1,94E+11;0.08951543738319946;0.726010799407959;0.611756168359942;0.8066922;0.26991567;0.4100612;0.5899388
flor_20260516_093400_061046.jpg;revisar;moderada;0.5932203540084947;0;tallos_rotos;clip_sick_prob;0.4926277588328167;0.19300915020039158;0.41940107926377834;0.7317274040300576;0.11484325014157977;1,57E+11;0.07442275294079648;0.7259231209754944;0.5893290218270009;0.8057766;0.31099838;0.57780343;0.42219657
flor_20260516_093409_065517.jpg;sin_flores;moderada;0.5966555095164859;0;tallos_rotos;clip_sick_prob;0.4845586644302472;0.21016811502191263;0.4583593852916256;0.7214926101024387;0.1204896907022407;9,48E+09;0.048211134281388485;0.7281206846237183;0.5841708542713568;0.81705695;0.3087318;0.3083802;0.6916198
flor_20260516_093418_578863.jpg;sin_flores;moderada;0.5986353788823305;0;tallos_rotos;clip_sick_prob;0.5078492864935094;0.1774351812314958;0.3703568736716412;0.7194205118212195;0.10971837862449643;1,28E+11;0.07698970261986433;0.7231566309928894;0.5831265508684863;0.8211544;0.34383127;0.3853566;0.61464345
flor_20260516_093429_085813.jpg;sin_flores;severa;0.6484228835363666;0;tallos_rotos;clip_sick_prob;0.6026609070522002;0.22234543023871706;0.300559701349001;0.7747017401262543;0.12449683724489694;5,07E+10;0.11772386028530912;0.7192195057868958;0.6109873793615441;0.82089305;0.38700232;0.17051367;0.82948637
flor_20260516_093440_091159.jpg;sin_flores;moderada;0.6032976423404509;0;tallos_rotos;clip_sick_prob;0.5003849622566139;0.22618969251576648;0.39156949114184747;0.75824272668134;0.12576185519165128;1,87E+11;0.07258064515448419;0.7243531942367554;0.6026923076923076;0.8132228;0.3851619;0.31142852;0.6885715
flor_20260516_093449_600074.jpg;sin_flores;moderada;0.5984628121143811;0;tallos_rotos;clip_sick_prob;0.4820762554103117;0.20963994382452808;0.4190555487077257;0.7934827682170649;0.12031588725297059;5,47E+10;0.06120139056825925;0.7259036302566528;0.6204527081649152;0.8188346;0.16991721;0.015083816;0.9849162
flor_20260516_093459_609967.jpg;sin_flores;moderada;0.6027724024960143;0;tallos_rotos;clip_sick_prob;0.5166359064423244;0.20245759023116885;0.3305659129704927;0.7777780013563872;0.11795241526777903;2,71E+11;0.08484733186675095;0.7209120988845825;0.6125377643504532;0.8035469;0.24032508;0.23530807;0.76469195
flor_20260516_093534_638300.jpg;sin_flores;severa;0.6153513065091538;0;tallos_rotos;clip_sick_prob;0.5574880223134544;0.2270138500620131;0.2557199791896883;0.7182742972902396;0.12603305783387975;1,94E+10;0.11089691557316386;0.716690182685852;0.5825488776249095;0.8175722;0.08697588;0.05003226;0.9499677
flor_20260516_093642_194439.jpg;revisar;moderada;0.4027126831512127;0;tallos_rotos;clip_sick_prob;0.3970447960186189;0.0;0.15935499411220894;1.0;0.03600293898897653;9,80E+10;0.118343195253987;0.7112544178962708;1.0;0.7027484;0.02262144;0.9730863;0.026913702
flor_20260516_093651_703325.jpg;sana;baseline;0.40986754835024286;0;tallos_rotos;clip_sick_prob;0.362310127683316;0.0;0.19666595415569496;1.0;0.04633204630223163;3,28E+11;0.11273404567074463;0.7133590579032898;0.882262996941896;0.7046486;0.030778166;0.95072263;0.0492774
flor_20260516_093702_712407.jpg;sana;baseline;0.3004239272707479;2;follaje_blanco;cosine_sim_bad;0.1691263901383515;0.5127914405390809;0.7954968245041583;0.7299501052832872;0.2200728903635106;2,42E+11;0.06262717612126231;0.7471379637718201;0.5884332925336597;0.72086143;0.0026052487;0.99661285;0.003387162
flor_20260516_093714_719575.jpg;sana;baseline;0.3095312253575347;2;follaje_blanco;cosine_sim_bad;0.16954607759689788;0.6155577767734793;0.8426474803823921;0.7626922026254049;0.25388984932461595;2,13E+11;0.07499587026733132;0.7497976422309875;0.6049347702779353;0.7178331;0.0011753041;0.9962514;0.0037486372
flor_20260516_093725_233999.jpg;sana;baseline;0.33742010462823874;2;follaje_blanco;cosine_sim_bad;0.21577612997948964;0.6303745459836972;0.8859317867052842;0.7327869463396457;0.2587655517645205;5,45E+10;0.08144300143830055;0.7522392272949219;0.5898630136986301;0.72274476;0.0007729064;0.99825996;0.0017400559
flor_20260516_093736_235989.jpg;sana;baseline;0.3307790467712545;2;follaje_blanco;cosine_sim_bad;0.20120461579142535;0.6301067042664553;0.9071750475581373;0.7234556664998295;0.2586774140270869;4,00E+11;0.07866507746871758;0.7534375190734863;0.5851602023608768;0.72789466;0.0006489683;0.99884295;0.0011569627
flor_20260516_093745_745622.jpg;sana;baseline;0.3237404086831453;2;follaje_blanco;cosine_sim_bad;0.18476966443267442;0.6312077018404155;0.910346109327905;0.7298667418316459;0.2590397154493149;3,02E+11;0.07443178531753908;0.7536163926124573;0.5883912787271656;0.7250222;0.0011274714;0.998346;0.0016539916
flor_20260516_093755_750792.jpg;sana;baseline;0.3237018991633317;2;follaje_blanco;cosine_sim_bad;0.19391471777352265;0.6173793482977789;0.9002042063401572;0.6962094765755635;0.2544892674973282;4,39E+10;0.07347316470860746;0.7530443072319031;0.5714285714285714;0.721638;0.0010057722;0.9983829;0.001617081
flor_20260516_093805_761098.jpg;revisar;moderada;0.6153216672968862;0;tallos_rotos;clip_sick_prob;0.43026985228061676;0.2503273061862767;0.9439006133262313;1.0;0.13370473532949;0.0;0.05569445182958165;0.7555091381072998;0.7588785046728972;0.76998997;0.0764478;0.9295429;0.07045709
flor_20260516_093816_268581.jpg;sana;baseline;0.5186928989997674;0;follaje_blanco;clip_sick_prob;0.37637944519519806;0.07901774933995498;0.9535321454926537;0.8815115210287993;0.07733249841035301;0.0;0.05428776094687435;0.7560524344444275;0.6648177496038035;0.7856646;0.037898615;0.903539;0.096460976
flor_20260516_093827_282326.jpg;sana;baseline;0.4288530209572267;0;tallos_rotos;cosine_sim_bad;0.3292588489210317;0.14180096535055944;0.6463121577587736;0.8752715537224508;0.09799235179302285;2,06E+11;0.06014768083302404;0.7387227416038513;0.6616729088639202;0.7990462;0.02109008;0.96143955;0.03856041
flor_20260516_093841_288006.jpg;sana;baseline;0.28753105862441386;2;tallos_rotos;cosine_sim_bad;0.24059974022330116;0.4681549248601925;0.4696234700852694;0.4898611871081416;0.2053845082124065;8,74E+09;0.10900354070907069;0.7287560701370239;0.46743243243243243;0.75809264;0.0010215461;0.9983741;0.0016258189
flor_20260516_093852_302635.jpg;sana;baseline;0.30437002551153436;2;tallo_amarillo;cosine_sim_bad;0.25646152243182346;0.5529210019105457;0.5049225335577331;0.5196384417352641;0.2332781848184057;8,74E+08;0.12495670244847967;0.7307472229003906;0.4824396782841823;0.75334054;0.00075892685;0.99580944;0.004190517
flor_20260516_093904_310630.jpg;sana;baseline;0.2806730985115709;2;tallo_amarillo;cosine_sim_bad;0.24086941471436535;0.5893062204451662;0.4709295121870465;0.4245611572716183;0.2452513414673848;7,87E+09;0.13356337315825925;0.7288297414779663;0.4345222929936306;0.7268519;0.0005632208;0.9981913;0.0018086813
flor_20260516_093915_822227.jpg;sana;baseline;0.28444754873123146;2;tallo_amarillo;cosine_sim_bad;0.2517725269013546;0.5856303159455715;0.45234588561426853;0.37338265699416157;0.24404172442582553;6,60E+09;0.13247213778010197;0.7277814745903015;0.40872917184779906;0.74124426;0.00053987344;0.9977483;0.0022516586
flor_20260516_093925_326024.jpg;revisar;moderada;0.5034339420370709;0;tallos_rotos;cosine_sim_bad;0.47430757213860775;0.5768010646163392;0.466614078575673;0.7589336874541424;0.24113631356076454;0.0001459469495791521;0.10596120934783505;0.7285863161087036;0.6030405405405406;0.7945509;0.013404096;0.99180835;0.008191628
flor_20260516_093934_832648.jpg;revisar;moderada;0.5167186339018344;0;tallos_rotos;cosine_sim_bad;0.4159995279133693;0.4329282252896964;0.5165258088972268;0.8589941941516561;0.19379258134840383;3,32E+10;0.0747610305706931;0.7314017415046692;0.6534693877551021;0.86085916;0.025016855;0.95964015;0.040359803
flor_20260516_093943_341030.jpg;sana;baseline;0.38962068766685976;0;tallos_rotos;cosine_sim_bad;0.3371344359512673;0.4615652907681008;0.4351602312912083;0.8429183203211239;0.2032160803611626;6,07E+10;0.09641830470853716;0.7268120646476746;0.645367412140575;0.8102362;0.002949421;0.99707747;0.0029225645
flor_20260516_093952_351685.jpg;sana;baseline;0.28300482677081085;2;tallo_amarillo;cosine_sim_bad;0.21391477452695914;0.9093237793087947;0.38106198089907134;0.3031826969563059;0.3505584006802444;7,62E+09;0.11969790110479513;0.7237604856491089;0.3733495482974287;0.71791184;0.0007199099;0.9971252;0.0028748303
flor_20260516_094003_858912.jpg;sana;baseline;0.23426754700549174;2;tallo_amarillo;pct_yellow_in_stem;0.14503148796986415;0.9782437778489134;0.3893832442902482;0.3748396797800752;0.37323766363377275;6,79E+09;0.1310013117506776;0.7242298722267151;0.4094634873323398;0.6333842;0.00026968733;0.9928975;0.0071025193
flor_20260516_094012_868381.jpg;sana;baseline;0.2918298712677689;2;tallo_amarillo;pct_yellow_in_stem;0.22481288889059342;1.0;0.3684073205342798;0.49004337349545596;0.39159096125441634;7,59E+09;0.16103744473679948;0.7230466604232788;0.46752425137072967;0.67221874;0.00043453355;0.9790293;0.020970741
flor_20260516_094021_370347.jpg;sana;baseline;0.34741089626859584;2;tallo_amarillo;cosine_sim_bad;0.2815101091950777;0.9948843606139768;0.3782935097771814;0.4559459188911987;0.37871352202354247;4,91E+10;0.12070151305702359;0.7236043214797974;0.4503396958912973;0.74436486;0.00016265774;0.9970372;0.002962823
flor_20260516_094030_378511.jpg;sana;baseline;0.31910184779275547;2;tallo_amarillo;pct_yellow_in_stem;0.23995213956480854;1.0;0.338456055667879;0.5476014892216464;0.4077163712015362;5,92E+11;0.1170526315690903;0.7213571667671204;0.49653259361997226;0.6953363;0.0001397168;0.9942128;0.0057871314
flor_20260516_094040_886346.jpg;revisar;moderada;0.4900468366247168;0;tallo_amarillo;pct_brown_lesions;0.4607387205847626;0.9456130981246302;0.02547828200148811;0.6880052515139494;0.3624999999440586;0.00020273541515359312;0.09989585140601494;0.7037026882171631;0.5672937771345875;0.712398;0.016377756;0.48752853;0.5124715
flor_20260516_094057_906681.jpg;sana;baseline;0.34873549000929005;2;tallos_rotos;cosine_sim_bad;0.274165361649886;0.619841497387855;0.4352732948064916;0.767954334593743;0.2552994782899492;1,27E+11;0.1186408860447631;0.7268184423446655;0.6075867981140163;0.76102674;0.003837382;0.92964554;0.070354484
flor_20260516_094114_919545.jpg;sana;baseline;0.2958265400586182;2;tallo_amarillo;cosine_sim_bad;0.2311216720291298;0.5887972865110681;0.49335835494782343;0.49857126170955973;0.24508386835708482;1,71E+10;0.13247828556437385;0.7300949096679688;0.4718221665623043;0.6894696;0.007663611;0.99460536;0.005394672
flor_20260516_094125_930092.jpg;sana;baseline;0.3301080217856863;0;tallo_amarillo;cosine_sim_bad;0.2319034008278501;0.7703858309663597;0.4686513351875065;0.7211696687835117;0.30483857579012047;1,30E+11;0.10398829124742127;0.7287012338638306;0.5840080971659919;0.7539833;0.0005219111;0.9971366;0.0028634095
flor_20260516_094135_933867.jpg;sana;baseline;0.3078650402867232;2;tallo_amarillo;cosine_sim_bad;0.22632957574302479;0.7678779763780108;0.3249000571859226;0.7046012653351325;0.3040133248489837;1,09E+11;0.11738992210162216;0.7205924987792969;0.5756578947368421;0.7297214;0.00088541;0.95505553;0.044944413
flor_20260516_094145_943226.jpg;sana;baseline;0.29437607515056763;2;tallo_amarillo;cosine_sim_bad;0.20421537468937762;0.7996163144570198;0.3510050491959572;0.6803567634003737;0.3144573487933955;1,73E+11;0.11370169274084145;0.7220650315284729;0.5634390651085142;0.70375377;0.0011302588;0.94149387;0.05850606
flor_20260516_094156_450520.jpg;sana;baseline;0.297666259004281;2;tallo_amarillo;cosine_sim_bad;0.21414986331161623;0.782136960482034;0.3451468797685687;0.6873443738816806;0.30870547889418554;1,50E+11;0.11972822933799583;0.7217345833778381;0.5669607056936647;0.708746;0.0009941382;0.96805286;0.031947102
flor_20260516_094206_961608.jpg;sana;baseline;0.2744590779793369;2;tallos_rotos;cosine_sim_bad;0.21484253758799646;0.4357264058954798;0.34190396454983585;0.7388897637016502;0.19471336885702636;4,46E+09;0.09269435185184269;0.7215516567230225;0.592938733125649;0.71951836;0.00019563087;0.9930749;0.0069250814
flor_20260516_094216_464735.jpg;sana;baseline;0.2434147698859105;2;tallos_rotos;cosine_sim_bad;0.1800726550525297;0.44568824200712664;0.3375356975201057;0.6918289592406696;0.19799147543656265;4,01E+10;0.0954744525454526;0.721305251121521;0.5692208628461043;0.68321854;0.0004122381;0.97405857;0.025941448
flor_20260516_094225_476738.jpg;sana;baseline;0.34118743977389043;0;tallos_rotos;cosine_sim_bad;0.2912947894872332;0.38667927214429193;0.33103190372039865;0.6865397409435788;0.17857360003778358;3,70E+10;0.09015962111119456;0.7209383845329285;0.5665551839464883;0.77856773;0.006679043;0.9855171;0.014482874
flor_20260516_094236_983200.jpg;sana;baseline;0.3096392934161251;2;tallos_rotos;cosine_sim_bad;0.2680731296296429;0.35348340112289905;0.33833453880565867;0.7034352712236174;0.1676499508240167;5,01E+10;0.09126740824285999;0.7213503122329712;0.5750702529104778;0.75973815;0.002429893;0.94829756;0.051702388
flor_20260516_094246_993952.jpg;sana;baseline;0.3361605327715263;2;tallos_rotos;cosine_sim_bad;0.29673123781172206;0.5442220401896483;0.23779360034126745;0.829932613828716;0.23041564789922583;7,06E+10;0.10968113713890884;0.7156789898872375;0.6388228299643282;0.7523994;0.00020376475;0.9920575;0.007942531
flor_20260516_094257_502749.jpg;sana;baseline;0.13995808843119653;2;tallo_amarillo;pct_yellow_in_stem;0.06657498391359629;0.7797049372299356;0.15979879482640502;0.2393156649507718;0.3079051815057384;6,00E+09;0.10663395299550496;0.7112794518470764;0.34116161616161617;0.5495239;0.0012095586;0.91383016;0.086169854
flor_20260516_094307_511958.jpg;sana;baseline;0.16792248834117998;2;tallo_amarillo;pct_yellow_in_stem;0.09099131265271046;0.8462243244538777;0.17712287270555976;0.3806614050670786;0.32979448368674746;7,88E+09;0.12440419445906538;0.712256669998169;0.41239754098360654;0.54057384;0.00085356005;0.87964416;0.12035579
flor_20260516_094317_520074.jpg;sana;baseline;0.18125052559019178;2;tallo_amarillo;pct_yellow_in_stem;0.11104752440930887;0.8847250052431282;0.1324374241278486;0.43867665013229523;0.3424637681035339;5,26E+09;0.14071796904594228;0.7097360491752625;0.44163626889004687;0.54817075;0.000981069;0.95205134;0.0479487
flor_20260516_094328_032757.jpg;sana;baseline;0.33878965683924217;2;tallo_amarillo;cosine_sim_bad;0.2944543570320268;0.7878984696864327;0.20618970614866977;0.540539312307823;0.3106013985840223;3,23E+11;0.11519071624510693;0.7138962745666504;0.49297337278106507;0.78277373;0.00043030432;0.9926674;0.0073326253
flor_20260516_094337_532119.jpg;sana;baseline;0.34023484769604606;0;tallos_rotos;cosine_sim_bad;0.30726887022688987;0.38587322400281965;0.2959896106611483;0.7217140575487102;0.17830835659406802;3,79E+09;0.09477459015584233;0.7189617156982422;0.5842824601366743;0.81713194;0.0007860145;0.9650258;0.03497424
flor_20260516_094346_541236.jpg;sana;baseline;0.21781099374433424;2;tallo_amarillo;pct_yellow_in_stem;0.14066149312259643;0.7199752978534055;0.0765650275472944;0.6466266201137977;0.2882501579097757;3,15E+10;0.10163260891970671;0.7065843939781189;0.5464396284829721;0.6378254;0.0014177867;0.93289626;0.06710368
flor_20260516_094356_047876.jpg;sana;baseline;0.2848266452669067;2;tallo_amarillo;pct_yellow_in_stem;0.18049496567499532;1.0;0.6931024897238148;0.13711234239671408;0.3853159980264676;1,25E+10;0.10012515643720274;0.7413620948791504;0.28965282505105516;0.7020522;0.0014053283;0.8803743;0.11962572
flor_20260516_094405_059366.jpg;sana;baseline;0.32215356541712165;0;tallos_rotos;cosine_sim_bad;0.28214155484406966;0.0;0.7497134974929953;1.0;0.027647058807266433;4,84E+11;0.11966046001535266;0.7445554137229919;0.7364620938628159;0.7381788;0.0020007496;0.91099876;0.089001216
flor_20260516_094413_062981.jpg;sana;baseline;0.27802476785512714;0;tallos_rotos;cosine_sim_bad;0.23073139591302289;0.029330810017222472;0.503347041022337;1.0;0.06098219100864426;1,27E+11;0.11508920471030606;0.7306583523750305;0.743006993006993;0.726489;0.002706673;0.8366401;0.16335993
flor_20260516_094421_571480.jpg;sana;baseline;0.2816118842905457;0;tallo_amarillo;pct_yellow_in_stem;0.2359324592128959;0.6619451454720697;0.42238616740093066;0.6497875857890816;0.2691543785573786;2,95E+11;0.16006583137820843;0.7260915040969849;0.5480327031170158;0.6556476;0.001572627;0.99571496;0.004285045
flor_20260516_094430_576462.jpg;sana;baseline;0.3391928133213192;2;tallo_amarillo;pct_yellow_in_stem;0.2644465332943562;0.9264943108792189;0.7224028468760614;0.3266240204978049;0.3562086474705259;2,56E+10;0.17350216181757244;0.7430148720741272;0.38516358924522187;0.6569835;0.009303388;0.905763;0.09423705
flor_20260516_094439_586404.jpg;sana;baseline;0.2690484626507839;2;tallo_amarillo;pct_yellow_in_stem;0.23226957344588584;0.8445768141375144;0.37533272501247317;0.2115829003377185;0.32925234322715785;4,84E+09;0.16192200097400675;0.7234373092651367;0.3271847596008467;0.6596089;0.004858713;0.96873605;0.031263996
flor_20260516_094448_095124.jpg;sana;baseline;0.214102641457829;2;tallo_amarillo;pct_yellow_in_stem;0.15356664041059598;0.7000811859600565;0.23344858001561425;0.27207503873445105;0.2817036720651258;5,30E+09;0.10825732115839445;0.7154338955879211;0.3576718009478673;0.65712553;0.004060886;0.98871917;0.011280861
flor_20260516_094457_099757.jpg;sana;baseline;0.20769024394787455;2;tallo_amarillo;pct_yellow_in_stem;0.14920525230360354;0.6623549450407521;0.21252760301473686;0.2396649591503176;0.2692892298686563;5,39E+08;0.10157314503882409;0.7142537832260132;0.34133765468473776;0.6585894;0.00473283;0.98801535;0.011984608
flor_20260516_094507_105257.jpg;sana;baseline;0.20373053121764245;2;tallo_amarillo;pct_yellow_in_stem;0.13781633385296604;0.6625571556594124;0.2646636202491068;0.25937720488640653;0.2693557706099467;3,97E+09;0.09720196259153932;0.717194676399231;0.3512723018426441;0.6616846;0.0032897084;0.9826051;0.017394822
flor_20260516_094518_121517.jpg;sana;baseline;0.2405269639276834;2;tallo_amarillo;pct_yellow_in_stem;0.19794682308737083;0.6568635776622583;0.17071417905889472;0.2324955241427385;0.267482204804969;4,35E+08;0.12418831167151131;0.7118951678276062;0.33772437753329476;0.6524991;0.009927379;0.99336606;0.0066339187
flor_20260516_094527_622121.jpg;sana;baseline;0.21465512818575594;2;tallo_amarillo;pct_yellow_in_stem;0.1805924258479677;0.657634663746902;0.16061454280583212;0.29228265513184215;0.26773594340688234;3,50E+09;0.1323366555741505;0.711325466632843;0.36785610675950103;0.65475494;0.003736945;0.98078066;0.019219367
flor_20260516_094537_130394.jpg;sana;baseline;0.19481675937898127;2;tallo_amarillo;pct_yellow_in_stem;0.11811450375799423;0.6439640734739893;0.33846662235155034;0.2334224891875336;0.2632374100624735;5,36E+10;0.08729039334159373;0.7213577628135681;0.33819155264723383;0.65234;0.003559575;0.9907589;0.009241116
flor_20260516_094759_249471.jpg;sana;baseline;0.20710387008787406;2;tallo_amarillo;cosine_sim_bad;0.22628043765405104;0.5284064520235736;0.034615293372092015;0.25943744279008407;0.22521126759770382;3,04E+08;0.1665087635796995;0.7042180895805359;0.3513026607538803;0.6576885;0.003089466;0.9856005;0.014399535
flor_20260516_095003_352082.jpg;sana;baseline;0.24770306049763516;2;tallo_amarillo;gray_mold_score;0.31806799066825764;0.460878568825455;0.1420087261973444;0.21953839213880735;0.2029901031724928;8,40E+09;0.22256728770787879;0.7102759480476379;0.3311941964285714;0.6649297;0.003716648;0.98396605;0.016033962
flor_20260516_095259_993696.jpg;sana;baseline;0.2595727842979945;2;tallo_amarillo;gray_mold_score;0.2676020347697845;0.5758683998384254;0.2649055973051804;0.36677140636837224;0.2408294048231869;4,48E+10;0.18952692645357724;0.7172083258628845;0.40539721043056404;0.659328;0.004536235;0.97884524;0.021154754
flor_20260516_095315_507857.jpg;sana;baseline;0.24925252041324492;2;tallo_amarillo;cosine_sim_bad;0.24283731095949948;0.5573611154085285;0.3119569263569036;0.5144895660913251;0.23473927744314863;3,07E+10;0.18196328803592846;0.7198624014854431;0.47984472977008064;0.66706055;0.00027808824;0.98287326;0.017126743
flor_20260516_095326_016471.jpg;sana;baseline;0.2501933534002451;2;tallo_amarillo;gray_mold_score;0.2492175157064654;0.5563395320409364;0.30131310589476723;0.514681447513524;0.234403108576153;1,41E+10;0.19012152089763956;0.7192620038986206;0.4799414348462665;0.6619876;0.000673179;0.9805258;0.019474156
flor_20260516_095337_524130.jpg;sana;baseline;0.24930340147570468;2;tallos_rotos;gray_mold_score;0.2570970627983147;0.5341784108298274;0.1476957153492572;0.5922060803354698;0.22711062590148798;1,28E+09;0.19078679160587575;0.7105967402458191;0.5190125728304201;0.6696208;0.0006258568;0.9693524;0.030647568
flor_20260516_095349_036359.jpg;sana;baseline;0.27393973620524276;2;tallo_amarillo;gray_mold_score;0.3396909848625681;0.5103602154456152;0.17747262993508098;0.39030953564572846;0.21927285562233417;4,43E+09;0.23446184930042352;0.7122763991355896;0.41726003987467963;0.69186264;0.00032434615;0.99594915;0.0040508704
flor_20260516_095401_044670.jpg;sana;baseline;0.18584673638083138;2;tallos_rotos;gray_mold_score;0.1741469935006492;0.4813889400579085;0.20243219343514282;0.4982829430483711;0.20973937932322465;2,07E+11;0.15995762706216185;0.7136843204498291;0.4716768587061474;0.60803694;0.00012827737;0.9832327;0.016767336
flor_20260516_095412_550239.jpg;sana;baseline;0.16708362661477755;2;follaje_blanco;pct_yellow_in_stem;0.058808689831350784;0.7157294753165276;1.0;0.0;0.286852999932301;3,88E+09;0.10493827154605034;0.7747881412506104;0.12862132730634887;0.55004627;0.00053354737;0.7727632;0.2272368
flor_20260516_095427_062148.jpg;sana;baseline;0.18933364135634664;2;follaje_blanco;pct_yellow_in_stem;0.1530613363051567;0.630011781687923;0.888976048270996;0.0;0.25864617818604857;1,96E+08;0.17454350151743098;0.7524109482765198;0.09062687762868014;0.5065123;0.0008702658;0.89081955;0.10918042
flor_20260516_095439_575310.jpg;sana;baseline;0.17675213962615433;2;follaje_blanco;gray_mold_score;0.16727368514697902;0.573624475202554;0.6766903166454963;0.04262755052598197;0.2400910043887295;4,37E+07;0.18674698787680843;0.740436315536499;0.24203404626800523;0.5148086;0.0006265885;0.63958746;0.36041257
flor_20260516_095450_585039.jpg;sana;baseline;0.16397734185705798;2;follaje_blanco;whiteness_score;0.10960224136727714;0.5531095926097722;0.9241789549220505;0.0;0.23334024370042752;1,08E+10;0.14561027831023116;0.7543966770172119;0.21786085150571133;0.5580932;0.00020271096;0.7716057;0.2283944
flor_20260516_095504_095615.jpg;sana;baseline;0.14810798121153407;2;tallo_amarillo;pct_yellow_in_stem;0.11331462327906343;0.6100795184338681;0.5823298314604693;0.0;0.2520871380065204;4,09E+10;0.14579928076306006;0.7351136207580566;0.18623115577889446;0.5584684;0.000267654;0.97512984;0.024870219
flor_20260516_095514_606076.jpg;sana;baseline;0.27294565917988556;2;follaje_blanco;cosine_sim_bad;0.18614090739249528;0.5290717084445562;0.660785344383402;0.6594415517359147;0.22543018120221014;4,78E+08;0.11673426201433004;0.7395391464233398;0.5528981429375351;0.70304674;0.000233758;0.99681324;0.0031867996
flor_20260516_095524_612560.jpg;sana;baseline;0.2671154782807205;2;follaje_blanco;cosine_sim_bad;0.17505730973511763;0.5620227858668733;0.7243767033858668;0.587076578076684;0.23627327704220485;1,29E+10;0.11454610433978804;0.7431262135505676;0.5164273881833241;0.6940962;0.00022948004;0.99767274;0.0023272065
flor_20260516_095538_627085.jpg;sana;baseline;0.30470328977349104;2;tallos_rotos;cosine_sim_bad;0.22633633929441524;0.5611927176496306;0.53872746795907;0.6624205805210492;0.2360001293961373;1,14E+09;0.10822656774979322;0.7326540946960449;0.5543995243757431;0.7561862;0.000306171;0.99687994;0.0031200992
flor_20260516_095549_634054.jpg;revisar;moderada;0.495933150515678;2;tallos_rotos;clip_sick_prob;0.3909771340470207;0.419073605484425;0.6688614607134038;0.6881793496443939;0.18923349004920703;1,69E+10;0.12090014064017439;0.7399947047233582;0.5673815197246492;0.7280008;0.036535643;0.9994785;0.00052148337
flor_20260516_095559_642355.jpg;sana;baseline;0.4747606015662127;2;follaje_blanco;clip_sick_prob;0.3263975504334179;0.28022770807617664;0.7935250813310871;0.6397694277385915;0.14354395603815676;1,11E+10;0.04543139451508288;0.7470267415046692;0.5429837164750958;0.7163052;0.0413027;0.9997489;0.00025116524
flor_20260516_095609_151237.jpg;revisar;moderada;0.39011400967267473;2;tallos_rotos;clip_sick_prob;0.41296812595658855;0.044476709310876814;0.05208307814917692;0.6686045003023345;0.06596619913436258;2,78E+11;0.1705336426584428;0.7052034139633179;0.5575161180861894;0.6750674;0.03197206;0.9996093;0.00039068522
flor_20260516_095619_156468.jpg;sana;baseline;0.32565516153106555;2;tallos_rotos;cosine_sim_bad;0.31584730089137136;0.16481804724746382;0.21833188235540152;0.6785375320758393;0.10556650245785386;3,86E+10;0.09813789630142479;0.7145811915397644;0.5625222024866785;0.7904046;0.006799296;0.9973978;0.002602282
flor_20260516_095629_165216.jpg;sana;baseline;0.2202105559180341;2;tallo_amarillo;cosine_sim_bad;0.3075902337635844;0.43980208479473965;0.0;0.04115822883582385;0.19605453826254596;2,21E+10;0.19623233893545342;0.6985406875610352;0.24129353233830847;0.6874693;0.0015015625;0.9455526;0.054447416
flor_20260516_095638_670693.jpg;sana;baseline;0.3109533247097052;2;tallos_rotos;cosine_sim_bad;0.2500617148679893;0.5715748576721971;0.5780387012215399;0.6478503828466611;0.23941654391412473;8,38E+09;0.1336775673869425;0.7348715662956238;0.5470563847429519;0.7369845;0.0003066653;0.99927014;0.00072981126
flor_20260516_095648_678252.jpg;enferma;severa;0.4333078342029317;2;tallos_rotos;cosine_sim_bad;0.5653275371374946;0.3666212302176847;0.16828595515122177;0.6175046846692599;0.17197317031024056;0.00010787809774952505;0.2401515150605487;0.7117581963539124;0.5317626527050611;0.805061;0.0005400217;0.9930958;0.006904125
flor_20260516_095659_185373.jpg;enferma;severa;0.4325770379623467;2;tallos_rotos;cosine_sim_bad;0.5581822473697549;0.3581075955238155;0.27511512706842484;0.6382917891964883;0.1691716183078831;0.00010074634537490306;0.24915572223296223;0.7177842259407043;0.542239010989011;0.7923758;0.00059303455;0.991219;0.008781001
flor_20260516_095709_698555.jpg;enferma;severa;0.486432083968245;0;tallos_rotos;pct_brown_lesions;0.6172772284335606;0.07249051747020172;0.19681388772709368;0.8911540380508969;0.07518460504023615;0.0006984937631345359;0.17879476970472008;0.7133674025535583;0.6696774193548387;0.7727053;0.0064462824;0.9805658;0.019434208
flor_20260516_095719_707776.jpg;revisar;moderada;0.5073936771654389;0;follaje_blanco;cosine_sim_bad;0.4393335752319184;0.5429451377905609;0.7912616976886869;0.7257570076300641;0.22999546209121197;1,42E+11;0.15326163196711928;0.7468990683555603;0.5863200403836446;0.79945433;0.020410003;0.9415981;0.058401935
flor_20260516_095729_714876.jpg;revisar;moderada;0.47627799011362226;0;follaje_blanco;cosine_sim_bad;0.41193790898955346;0.6156925287435386;0.8650086963676725;0.7192876613784572;0.25393419168426795;3,03E+11;0.14713698959324267;0.7510589957237244;0.5830595964335993;0.81702715;0.009424762;0.9895946;0.010405388
flor_20260516_095739_219373.jpg;revisar;moderada;0.45344255987984455;2;follaje_blanco;cosine_sim_bad;0.4265874980722908;0.5936982422269295;0.8127775789802606;0.6665803500236991;0.2466966087192152;7,35E+10;0.1548802946307771;0.7481127381324768;0.5564959796868387;0.8035572;0.0035715285;0.99574727;0.004252761
flor_20260516_095750_730662.jpg;sana;baseline;0.18512479040132127;2;tallo_amarillo;pct_yellow_in_stem;0.1735191672018483;0.6162301352069742;0.4106465818420768;0.05386940920283026;0.2541110999635488;1,28E+10;0.15474860330872944;0.7254292964935303;0.24769975786924942;0.63484424;0.00038505392;0.9731555;0.026844507
flor_20260516_095800_739663.jpg;sana;baseline;0.18397296507189062;2;tallo_amarillo;pct_yellow_in_stem;0.16753307011941174;0.6275652607065574;0.45037625577793156;0.0;0.25784111008052013;2,25E+10;0.14648910407188587;0.7276703715324402;0.20049443757725588;0.63991815;0.0002509359;0.98868257;0.011317403
flor_20260516_095811_245231.jpg;sana;baseline;0.22138626003642248;2;tallo_amarillo;pct_yellow_in_stem;0.18823054169228653;0.5736880779531269;0.44272597679988457;0.44160658516034335;0.24011193392348523;1,34E+09;0.16252723308005942;0.7272388339042664;0.4431129078833381;0.6406733;8,83E+01;0.992025;0.007974969
flor_20260516_095822_254202.jpg;sana;baseline;0.2372395228655574;2;tallo_amarillo;pct_yellow_in_stem;0.18689712057278576;0.5951133902274437;0.5688330064070724;0.5279914168163293;0.24716228652394034;8,02E+08;0.16429353775152386;0.7343522906303406;0.4866494401378123;0.6367852;0.000103676306;0.9898762;0.010123796
flor_20260516_095833_758274.jpg;revisar;moderada;0.4630978224614412;0;tallos_rotos;cosine_sim_bad;0.4263761552299469;0.42119034410591266;0.656901031465819;0.7729126262777615;0.18993003782659362;7,60E+10;0.13639244515953955;0.7393200397491455;0.6100856954515491;0.77488536;0.013959543;0.9702312;0.029768797
flor_20260516_095845_777086.jpg;sana;baseline;0.31200263023354974;0;tallo_amarillo;cosine_sim_bad;0.24179057395647996;0.8457350333708411;0.27326701409430826;0.6577681866961143;0.3296334743807687;3,51E+11;0.12361344536776357;0.7176799774169922;0.552054794520548;0.71126616;0.00077264284;0.9943685;0.0056314957
flor_20260516_095855_283949.jpg;sana;baseline;0.31726455215954796;2;tallos_rotos;cosine_sim_bad;0.2587429824925608;0.5721494913097864;0.3961300718143959;0.6569617260692727;0.2396056365961457;2,30E+11;0.10976641840641788;0.724610447883606;0.5516483516483517;0.7603452;0.0010212521;0.9997316;0.0002683664
flor_20260516_095906_290156.jpg;sana;baseline;0.390807857420495;0;tallos_rotos;cosine_sim_bad;0.3078008602582346;0.6190009321206367;0.633229546705293;0.7591217352483263;0.25502287641634713;8,35E+10;0.07804878048304581;0.7379847764968872;0.6031353135313531;0.7899916;0.0011363107;0.98798263;0.012017288
flor_20260516_095915_301563.jpg;sana;baseline;0.3020032626246322;2;tallos_rotos;cosine_sim_bad;0.2374619341252099;0.5365145985325587;0.4607294924391062;0.7061854757266368;0.22787938702077615;5,72E+09;0.10447761193143847;0.7282543778419495;0.5764563106796117;0.70561874;0.0016078874;0.8965955;0.10340453
flor_20260516_095925_310389.jpg;sana;baseline;0.3683955828345933;2;follaje_blanco;cosine_sim_bad;0.24083260349076532;0.5838488308709532;1.0;0.7247197001261999;0.243455497360955;5,82E+09;0.08290895244953077;0.7650667428970337;0.5857972544878564;0.80262697;0.00012156055;0.9993697;0.0006303321
flor_20260516_095937_814692.jpg;sana;baseline;0.3652686783308491;2;follaje_blanco;cosine_sim_bad;0.23441448781248458;0.6095867595549691;1.0;0.6792605625539465;0.25192498756508164;9,50E+09;0.07594559713333211;0.7587990164756775;0.5628865979381443;0.8016628;0.0002107727;0.9993011;0.0006989648
flor_20260516_095949_330309.jpg;sana;baseline;0.3167867992103196;2;follaje_blanco;cosine_sim_bad;0.21523048608869222;0.6091156059108117;0.8145961052400974;0.6617495246935833;0.25176994668270064;3,18E+11;0.10205401907633398;0.7482153177261353;0.5540613232920926;0.7200708;0.00029209544;0.9807544;0.019245632
flor_20260516_100000_837996.jpg;sana;baseline;0.2999226569743387;2;tallos_rotos;cosine_sim_bad;0.26324030621929445;0.3718080487039219;0.42123334221238795;0.7048767350972658;0.17367997853475206;1,58E+10;0.1308128046198376;0.7260264754295349;0.5757967269595177;0.7342321;0.0028074982;0.68022674;0.31977323
flor_20260516_100012_345049.jpg;sana;baseline;0.2753624379855956;2;tallo_amarillo;pct_yellow_in_stem;0.18107089268259366;1.0;0.19636269033432766;0.6348492945784044;0.3923006855365885;1,88E+10;0.12743738270968122;0.7133419513702393;0.5405040504050405;0.6817027;9,61E+01;0.9988122;0.0011878014
flor_20260516_100023_854702.jpg;sana;baseline;0.3126188138719336;2;tallo_amarillo;pct_yellow_in_stem;0.23992816235235045;1.0;0.2767117529711636;0.6361118995893579;0.43157939692356795;7,54E+10;0.15386419606498603;0.71787428855896;0.5411403825333815;0.69941026;0.00013060492;0.99639446;0.0036055467
flor_20260516_100033_863328.jpg;sana;baseline;0.32206296869578527;0;tallos_rotos;cosine_sim_bad;0.28098252738011087;0.4327961387136676;0.43538635832177486;0.8008574676703412;0.1937491160806464;3,16E+11;0.13214699377359723;0.7268248200416565;0.6241694352159468;0.7408206;0.0013575184;0.9949419;0.0050581144
flor_20260516_100044_872150.jpg;sana;baseline;0.3302287998915358;0;tallos_rotos;cosine_sim_bad;0.3254179141320871;0.0573477970976264;0.41957965621782395;1.0;0.07020164299096279;9,52E+10;0.11905456666481329;0.7259331941604614;0.7381615598885793;0.73254853;0.0021400515;0.8867802;0.11321984
flor_20260516_100056_385565.jpg;sana;baseline;0.31479058319475445;0;tallos_rotos;cosine_sim_bad;0.31133793095915274;0.054902695833951805;0.42263342779883994;0.9322933578554142;0.06939704206697117;8,63E+10;0.11700666927059565;0.7261054515838623;0.6904109589041096;0.73494565;0.0012510672;0.97278804;0.027212016
flor_20260516_100108_390941.jpg;sana;baseline;0.29381632179144174;2;tallos_rotos;cosine_sim_bad;0.22744127581251627;0.5238957523108051;0.4299667062667468;0.7096696765474605;0.22372694741405302;3,15E+10;0.1047819971723232;0.7265191078186035;0.5782122905027933;0.7284792;0.00044536142;0.98303926;0.016960774
flor_20260516_100119_397439.jpg;sana;baseline;0.17632065571611993;2;tallo_amarillo;pct_yellow_in_stem;0.10542114524177801;0.7303138044242787;0.30348033271575814;0.1709077443208722;0.2916522141203708;6,23E+10;0.09653220097713627;0.7193842530250549;0.3066851509550216;0.6363341;0.0013112257;0.97883624;0.0211638
flor_20260516_100130_410202.jpg;sana;baseline;0.2153542860045387;2;tallo_amarillo;cosine_sim_bad;0.16661774892668943;0.7117973802461743;0.33379931817392144;0.0925155266988434;0.28555907915534534;8,64E+09;0.10110803322699334;0.7210944890975952;0.2671767645221736;0.69336236;0.00082566333;0.98395824;0.016041787
flor_20260516_100141_922977.jpg;sana;baseline;0.28109459757113703;2;tallo_amarillo;cosine_sim_bad;0.20396646890862208;0.6970511454518417;0.37210143314577876;0.6719028537402598;0.28070658722906555;3,38E+10;0.12250565725956535;0.7232550382614136;0.5591784338896021;0.71068764;0.00022254213;0.9943327;0.0056673465
flor_20260516_100153_924114.jpg;sana;baseline;0.3672495949204335;2;follaje_blanco;cosine_sim_bad;0.2520305333841855;0.6988383525971169;0.7603985280214499;0.6391682086362837;0.281294697235721;4,36E+10;0.08001565097525035;0.7451581358909607;0.5426807119505993;0.8196051;0.0002539633;0.9983803;0.0016197315
flor_20260516_100203_934661.jpg;revisar;moderada;0.374571169786223;0;tallos_rotos;cosine_sim_bad;0.43999003943176;0.4794114812201196;0.08315441148473929;0.6097281393516669;0.20908866385729372;6,00E+09;0.21098953372716708;0.7069560885429382;0.5278434019574756;0.8274905;0.00037604643;0.9982805;0.001719517
flor_20260516_100215_446159.jpg;sana;baseline;0.28291968386380006;2;tallo_amarillo;cosine_sim_bad;0.1851418776154056;0.8645820079616567;0.49780481543672145;0.43577482494096037;0.3358353824143964;1,27E+09;0.10596484296800662;0.7303457260131836;0.44017379679144386;0.7147479;0.000632055;0.9793738;0.020626195
flor_20260516_100226_455858.jpg;sana;baseline;0.29008136230584863;2;tallo_amarillo;cosine_sim_bad;0.21211034982316554;0.9215642887258022;0.4668095622235927;0.35712907532273636;0.3545863423174146;1,49E+10;0.12738118143858176;0.7285973429679871;0.40053763440860213;0.7121542;0.00065494806;0.96926636;0.030733587
flor_20260516_100238_465161.jpg;sana;baseline;0.3058557605779056;2;tallo_amarillo;cosine_sim_bad;0.2765513253263245;0.8219298530049093;0.37972423874628025;0.35912669444946116;0.3217999869081758;9,11E+09;0.16669490086960953;0.7236850261688232;0.4015444015444015;0.7072575;0.0022663097;0.9091908;0.09080915
flor_20260516_100252_975696.jpg;sana;baseline;0.28170882947047843;2;tallo_amarillo;pct_yellow_in_stem;0.20943096213976015;0.8290743212957323;0.39134970412148373;0.6529654092001195;0.32415099210932075;5,50E+10;0.1374252074623769;0.7243407964706421;0.5496342737722049;0.6335855;0.0013248104;0.9556006;0.044399373
flor_20260516_100303_980667.jpg;sana;baseline;0.30724016887352273;2;tallo_amarillo;pct_yellow_in_stem;0.23695334240189123;0.8600817694012151;0.4350122977198096;0.657303754396125;0.3343545046455663;5,65E+10;0.1429974464460818;0.726803719997406;0.5518207282913166;0.65181154;0.0015075943;0.94195557;0.05804446
flor_20260516_100313_992215.jpg;sana;baseline;0.24466835139555365;2;tallo_amarillo;cosine_sim_bad;0.16419551625088175;0.6808328640083627;0.6165891332596737;0.30387455234520316;0.27536969405869094;3,99E+09;0.10521861774182832;0.7370461225509644;0.3736982320174377;0.6929144;0.000257565;0.9892681;0.0107318405
flor_20260516_100324_499356.jpg;sana;baseline;0.2770621381151366;2;follaje_blanco;cosine_sim_bad;0.17198841344872515;0.5999971382296753;0.7120411568679497;0.6494485647652997;0.24876936440391018;2,27E+10;0.10618512108430252;0.7424303889274597;0.5478618421052631;0.7013155;0.00030007;0.98950726;0.010492714
flor_20260516_100336_009603.jpg;sana;baseline;0.28117480539738177;2;follaje_blanco;cosine_sim_bad;0.21519756641132642;0.47643007020968087;0.648950658671506;0.6321320120951739;0.20810758136004257;1,83E+09;0.12993796928992196;0.7388715744018555;0.5391345847916004;0.71176726;0.0005765024;0.99569315;0.0043068943
flor_20260516_100347_020329.jpg;revisar;moderada;0.46454223531402966;0;tallo_amarillo;cosine_sim_bad;0.43692656756863024;0.779142761847911;0.4815131025522562;0.7622067640917256;0.30772018841831816;0.00013787319929774367;0.14886597935074927;0.7294267416000366;0.6046901172529313;0.72681594;0.00878017;0.9148986;0.08510142
flor_20260516_100400_532684.jpg;sin_flores;moderada;0.518571511580417;0;tallos_rotos;clip_sick_prob;0.4672970585098396;0.7670925600716834;0.598118570202179;0.8370201312596764;0.30375487065112383;0.00014794440624273444;0.1558109833640249;0.7360042333602905;0.6423948220064725;0.6786537;0.020587662;0.4246002;0.57539976
flor_20260516_100411_036880.jpg;sana;baseline;0.2473707416646023;2;tallo_amarillo;pct_yellow_in_stem;0.2041451057506854;0.759870844951275;0.5148594428822572;0.26538837698887763;0.3013784461058465;1,35E+10;0.15650008889267292;0.7313077449798584;0.35430183356840617;0.6638143;0.0004541293;0.92556036;0.07443965
flor_20260516_100421_545370.jpg;sana;baseline;0.34583405916628435;2;tallo_amarillo;cosine_sim_bad;0.2845064447801588;0.8529036222845359;0.6224356793350236;0.5969950263279727;0.3319924168709487;1,03E+11;0.16995890227098515;0.7373759150505066;0.5214261227288309;0.71860915;0.00045907195;0.98456466;0.01543536
flor_20260516_100435_059053.jpg;revisar;moderada;0.4285991189974453;2;follaje_blanco;cosine_sim_bad;0.4014733432606815;0.620712025974566;0.7302908762367134;0.6766195191314976;0.25558594008833546;7,59E+10;0.1579257512948486;0.7434598207473755;0.5615555555555556;0.7714475;0.003395626;0.9976574;0.0023426153
flor_20260516_100451_568832.jpg;enferma;severa;0.41189848918577393;2;tallos_rotos;cosine_sim_bad;0.5650813672712794;0.3010071616393914;0.0;0.6707598688341262;0.15038177817067544;0.00012484869708201068;0.3421641789768044;0.694074809551239;0.5586023883237505;0.7701965;0.0012231418;0.993522;0.006478073
flor_20260516_100503_580588.jpg;enferma;severa;0.5121860949355501;0;tallos_rotos;pct_brown_lesions;0.6905970145016909;0.18074938918961928;0.0;1.0;0.11080897344975903;0.000681142613400673;0.30604982196504377;0.6969431638717651;0.7258726899383984;0.7504692;0.0062420876;0.958397;0.04160304
flor_20260516_100514_586400.jpg;sana;baseline;0.4347930254238215;0;tallos_rotos;cosine_sim_bad;0.3506556447281368;0.7287808239588691;0.510657072786167;1.0;0.291147761598402;3,30E+10;0.14926754045500884;0.7310706973075867;0.7756892230576441;0.74650455;0.009582741;0.894604;0.10539599
flor_20260516_100525_596395.jpg;enferma;severa;0.7492764588964127;0;tallos_rotos;clip_sick_prob;0.7457745234353407;0.0;0.6076814189247377;0.9190979362409196;0.017130620975840137;0.0008187429147230576;0.08994021314531321;0.7365436553955078;0.6837606837606838;0.8032757;0.06188761;0.6056351;0.39436495
flor_20260516_100538_607419.jpg;revisar;moderada;0.4471160844842574;0;tallos_rotos;pct_brown_lesions;0.5150000825044846;0.0;0.40543615012374123;1.0;0.013417521694224529;0.0008295030719444433;0.12615465820451904;0.7251353859901428;0.7344497607655502;0.746437;0.0053080344;0.9269848;0.07301521
flor_20260516_100548_113585.jpg;sana;baseline;0.3146307341522589;0;tallos_rotos;cosine_sim_bad;0.24924734596978831;0.006310560724738077;0.5733460370030997;1.0;0.05340699806002395;1,44E+11;0.11336863718649426;0.7346068620681763;1.0;0.69783723;0.01240606;0.7349656;0.26503438
flor_20260516_100557_122816.jpg;sana;baseline;0.37417561426782814;0;tallos_rotos;cosine_sim_bad;0.3348106521735485;0.008870984690337938;0.6568439713739938;1.0;0.05424954782233355;9,22E+10;0.11660983114725028;0.7393168210983276;0.8464912280701755;0.6899362;0.013970416;0.69175935;0.30824068
flor_20260516_100605_629963.jpg;sana;baseline;0.3845283830208532;0;tallos_rotos;cosine_sim_bad;0.3581654193417734;0.05994772522965695;0.6474882296513932;1.0;0.0710571922512007;0.00012233662962502236;0.12019583842348462;0.7387890815734863;0.8559322033898304;0.68817604;0.0116097005;0.79219496;0.20780502
flor_20260516_100614_630075.jpg;sana;baseline;0.3186699114848734;2;follaje_blanco;gray_mold_score;0.27518288092689636;0.7307482066673919;0.802416945640516;0.6344036031192388;0.29179516134770467;8,52E+08;0.21793501495201287;0.7475283145904541;0.5402794292508918;0.6486527;0.000995177;0.96365666;0.0363433
flor_20260516_100626_146023.jpg;sana;baseline;0.271514111026783;2;tallo_amarillo;pct_yellow_in_stem;0.20867902206202824;0.7673985376829199;0.6781865590533575;0.3739609431731808;0.30385555763385913;1,03E+10;0.16093749997713955;0.740520715713501;0.409020618556701;0.65741897;0.0014912717;0.96787006;0.032129996
flor_20260516_100637_651165.jpg;sana;baseline;0.26060178567944753;2;tallo_amarillo;pct_yellow_in_stem;0.24780185940934488;0.8892019601617541;0.4923407833102738;0.1367887994631588;0.3439369840057587;2,97E+09;0.19872225954964318;0.73003751039505;0.28948976474182714;0.64988005;0.00049840665;0.8831872;0.1168128
flor_20260516_100647_662071.jpg;sana;baseline;0.3684671043356586;2;tallo_amarillo;cosine_sim_bad;0.3663515632473917;0.7927838133169166;0.3989524330230097;0.6817462515768313;0.3122090015318023;3,60E+10;0.21963337327057847;0.724769651889801;0.5641393442622951;0.69408894;0.002758147;0.8079065;0.19209346
flor_20260516_100658_667230.jpg;revisar;moderada;0.4143204869223466;0;tallos_rotos;cosine_sim_bad;0.40899902310247516;0.6312461548643773;0.4375905685356155;0.6940115559069849;0.2590523690514661;2,78E+10;0.19132732356367307;0.726949155330658;0.5703208556149733;0.76904565;0.0064490926;0.8826491;0.11735088
flor_20260516_100709_677321.jpg;sana;baseline;0.37462499393996906;2;tallos_rotos;cosine_sim_bad;0.38249374336835806;0.5738960561553751;0.48808769313256123;0.7012711904305416;0.24018037258334157;6,05E+09;0.21335187757811516;0.7297976016998291;0.5739795918367347;0.7584642;0.0015362501;0.81916946;0.18083052
flor_20260516_100719_684853.jpg;sin_flores;severa;0.5371237812671823;0;tallos_rotos;pct_brown_lesions;0.6060900303399364;0.19023749121260367;0.49631174303396175;1.0;0.11393119000906306;0.0002786901562649355;0.1815947569386135;0.730261504650116;0.8519163763066202;0.7057997;0.016714685;0.2511398;0.74886024
flor_20260516_100728_697210.jpg;sana;baseline;0.3069775522706664;2;follaje_blanco;cosine_sim_bad;0.23663795244409921;0.6485961938535435;0.6593408787255304;0.6257883825681821;0.26476168572041847;1,35E+10;0.1451795841026869;0.7394576668739319;0.5359375;0.71459085;0.00026547542;0.9109299;0.08907005
flor_20260516_100740_696981.jpg;sana;baseline;0.3119287872726;2;tallo_amarillo;cosine_sim_bad;0.23238180182339824;0.8484738027269024;0.5404160240097494;0.5566647983095417;0.33053471163716563;4,73E+09;0.13983152826235482;0.732749342918396;0.5011003521126761;0.71399903;0.00027631063;0.95489204;0.04510795
flor_20260516_100751_719401.jpg;sana;baseline;0.3868223616780709;2;tallo_amarillo;pct_yellow_in_stem;0.274646166903705;1.0;0.8675415304436916;0.6956120983334587;0.4087634171144858;3,37E+10;0.14756887019101408;0.751201868057251;0.571127502634352;0.70981866;0.0014134161;0.6879879;0.31201205
flor_20260516_100803_720849.jpg;revisar;moderada;0.4382086866170151;2;tallo_amarillo;cosine_sim_bad;0.43409120655825645;1.0;0.45107471356860684;0.7420761393391182;0.3881223755016123;1,18E+09;0.2507720815163204;0.7277097702026367;0.5945446139620897;0.7733698;0.00022137648;0.99438184;0.0056181713
flor_20260516_100814_230559.jpg;revisar;moderada;0.48068656519457;2;tallos_rotos;cosine_sim_bad;0.5407357660088363;0.45787051919187616;0.45363713435890574;0.690585824880206;0.20200025479666198;0.0001638775015675373;0.1663232814822395;0.727854311466217;0.5685943436048966;0.8135244;0.002444375;0.9804103;0.019589692
flor_20260516_100826_243217.jpg;sana;baseline;0.3406147397789752;2;tallos_rotos;cosine_sim_bad;0.23764647346007844;0.2628791255790873;0.7217868092180224;0.7521297035371644;0.1378351186519598;9,75E+07;0.07232191407390948;0.7429801225662231;0.5996114447191805;0.76003516;0.010188126;0.96988904;0.030111032
flor_20260516_100836_751957.jpg;sin_flores;baseline;0.2797483916682722;0;tallos_rotos;cosine_sim_bad;0.24835979365897903;0.0;0.44027767619323616;1.0;0.05054509410253212;5,44E+10;0.11053016834565198;0.7271007299423218;0.8272727272727273;0.70278156;0.0033353248;0.18032195;0.81967807
flor_20260516_100845_754857.jpg;sana;baseline;0.37974725542067933;2;tallo_amarillo;cosine_sim_bad;0.2835989133093376;1.0;0.7510100295794683;0.6541593655213971;0.41177946431588913;1,11E+11;0.1577147573752895;0.7446285486221313;0.550236008091706;0.73458296;0.00038110116;0.90119153;0.098808415
flor_20260516_100855_282196.jpg;sana;baseline;0.4051300437989625;2;tallo_amarillo;cosine_sim_bad;0.3475298786667147;1.0;0.7121901471077154;0.6576860973034492;0.4371102191764674;1,79E+11;0.19767638597948922;0.742438793182373;0.552013422818792;0.73754084;0.00029705677;0.9440953;0.055904623
flor_20260516_100912_277624.jpg;sana;baseline;0.3728776447756023;2;tallo_amarillo;pct_yellow_in_stem;0.29722027033991805;1.0;0.8569716767672546;0.48347394842617086;0.4547978273714666;1,59E+10;0.17924968346909778;0.7506056427955627;0.4642133693450371;0.71;0.0009974741;0.55245906;0.44754097
flor_20260516_100924_789461.jpg;sana;baseline;0.31711897748015566;0;tallos_rotos;cosine_sim_bad;0.32039764252131564;0.10325976724030872;0.5654706876628534;0.9714223612233355;0.0853097344830762;2,22E+11;0.18319192418509989;0.7341626286506653;0.7101313320825516;0.72107464;0.0011092394;0.55093205;0.44906795
flor_20260516_100935_293691.jpg;sana;baseline;0.3950490889131149;2;follaje_blanco;cosine_sim_bad;0.31921065443695146;0.48917523227730314;1.0;0.7624562698050206;0.21230158728052562;3,89E+08;0.1838601841480306;0.7594485878944397;0.6048158640226629;0.68369377;0.012815252;0.99484813;0.005151904
flor_20260516_100946_316038.jpg;sin_flores;severa;0.6361827649920382;0;tallos_rotos;clip_sick_prob;0.5805816980757629;0.048340634045764;0.7151953119438433;1.0;0.06723768733737144;0.000423227106687789;0.08952031774582828;0.7426083087921143;0.7402745995423341;0.6319479;0.31175497;0.024318332;0.9756817
flor_20260516_100956_314197.jpg;sin_flores;baseline;0.4167053165934975;1;tallo_amarillo;clip_sick_prob;0.34526768719278056;0.8407128549844809;0.0;0.375424453787027;0.32798084369828995;6,27E+10;0.13232104119424837;0.6962284445762634;0.40975820379965455;0.21663508;0.03964828;0.0012108728;0.99878913
flor_20260516_101006_318919.jpg;sin_flores;severa;0.5741093361047493;0;tallos_rotos;cosine_sim_bad;0.611790928791023;0.5895594180949875;0.21655773616698426;0.7013585406242243;0.24533466033275259;0.00019515146192829397;0.15676718446981752;0.7144811153411865;0.5740236148955495;0.76165783;0.023526974;0.052818604;0.9471814
flor_20260516_101016_829163.jpg;sana;baseline;0.21523486740639114;2;tallo_amarillo;pct_yellow_in_stem;0.23206308666042627;0.6708724340521908;0.0;0.3017304871962436;0.2720920501978204;3,12E+09;0.17786187320741492;0.699105441570282;0.37261765849863865;0.6618931;0.0002194778;0.97990674;0.020093286
flor_20260516_101027_340165.jpg;sana;baseline;0.26883443388714734;2;tallos_rotos;cosine_sim_bad;0.17771119232347007;0.4153108469580628;0.5363869475258692;0.6568224067941028;0.18799529225672848;5,82E+10;0.058058663435333266;0.7325220704078674;0.5515781370284835;0.6866705;0.00384338;0.89521754;0.104782514
flor_20260516_101037_345031.jpg;revisar;moderada;0.4396582836001998;2;follaje_blanco;cosine_sim_bad;0.44894657694452567;0.48168210296455527;0.8149046524033005;0.765081731069776;0.20983584941592484;2,59E+08;0.23639681998835657;0.7482327222824097;0.6061390532544378;0.78889173;0.0039042095;0.997581;0.002418933
flor_20260516_101049_356365.jpg;enferma;severa;0.40681047909908996;2;tallos_rotos;cosine_sim_bad;0.5808209520356624;0.12259214769978286;0.0;0.614406745281691;0.09167137332877129;0.00011670828126182664;0.3406972729234735;0.6930645108222961;0.5302013422818792;0.7877056;0.0027692702;0.97417665;0.025823392
flor_20260516_101102_365532.jpg;enferma;severa;0.5248405662116145;0;tallos_rotos;cosine_sim_bad;0.7185155374359752;0.27842635074415667;0.0003485948943177555;0.7663056643645768;0.14295118967902273;0.0002799276392583652;0.24468636592931925;0.7022851705551147;0.6067558954748247;0.7941919;0.0045719105;0.93382823;0.06617171
flor_20260516_101111_875640.jpg;sana;baseline;0.32815867287247935;2;tallo_amarillo;pct_yellow_in_stem;0.31782147374580133;1.0;0.11591113086587969;0.4667232738819117;0.4215430668008139;1,70E+10;0.24741948801365507;0.7088038325309753;0.4557713052858684;0.48879996;0.014606634;0.6451509;0.35484907
flor_20260516_101122_381013.jpg;sana;baseline;0.41373691257805184;2;tallos_rotos;cosine_sim_bad;0.37395715278781366;0.5681504769424166;0.38346695810266734;0.7064463673607245;0.23828969492009178;1,34E+11;0.13979734738118482;0.7238961458206177;0.5765877957658779;0.8067911;0.009323379;0.9991792;0.0008207857
flor_20260516_101133_893677.jpg;sana;baseline;0.3093082350725828;2;tallos_rotos;cosine_sim_bad;0.3837114673647081;0.29341952396880683;0.03335680134683594;0.6324368759418099;0.1478849407711924;2,48E+11;0.204357092066219;0.7041471004486084;0.5392882311486963;0.7568985;0.0005617079;0.99466324;0.0053367824
flor_20260516_101145_398130.jpg;sana;baseline;0.3379096771224075;2;tallos_rotos;cosine_sim_bad;0.3092015464689868;0.5854066489127216;0.3322048056079169;0.6780853521188112;0.24396812309733618;1,66E+11;0.14370491038588493;0.7210045456886292;0.5622943112364833;0.77484083;0.00042148007;0.9935069;0.006493116
flor_20260516_101301_964199.jpg;enferma;severa;0.6296156360058589;0;tallos_rotos;clip_sick_prob;0.6386524124554154;0.22770117771974852;0.5223786949827796;0.9997048605851051;0.1262592343430963;0.0002383492013323347;0.12646164243822497;0.7317318916320801;0.7243852459016393;0.7400566;0.032626927;0.77235734;0.22764267
flor_20260516_101432_541297.jpg;sana;baseline;0.2845629122969394;2;tallo_amarillo;gray_mold_score;0.2357006438987657;0.8155759078250674;0.6415698301270781;0.7084718684024766;0.3197091163832431;1,96E+11;0.21839689261680845;0.7384552359580994;0.5776086149275901;0.5904494;0.00021192616;0.9937953;0.006204693
flor_20260516_101442_544213.jpg;sana;baseline;0.3636261888342734;2;follaje_blanco;gray_mold_score;0.36016822864513853;0.7050579799581029;0.8073019235017744;0.609581558791408;0.2833413682656203;2,23E+10;0.2759062776182181;0.7478038668632507;0.5277695277695278;0.6954543;0.00018746305;0.99790025;0.002099705
flor_20260516_101458_058502.jpg;sana;baseline;0.3512234748584383;0;tallos_rotos;cosine_sim_bad;0.29289328429134154;0.16824109667473341;0.6241421987479443;0.6823635944430865;0.10669291336482423;5,40E+09;0.11148786110731806;0.7374721765518188;0.5644504748982361;0.74423844;0.01471102;0.7798446;0.2201554
flor_20260516_101509_558423.jpg;revisar;moderada;0.4562124422386985;0;tallo_amarillo;cosine_sim_bad;0.44477544237160843;0.5176174351665069;0.39747732398249125;0.3613649489123459;0.22166096354235723;2,39E+11;0.13107202678694807;0.7246864438056946;0.40267244492596604;0.84646285;0.017106399;0.99840766;0.0015923961
flor_20260516_101527_578375.jpg;revisar;moderada;0.28253385241525003;2;tallo_amarillo;cosine_sim_bad;0.4009638469927017;0.558105391820361;0.0;0.0610480624897667;0.2349841938797651;1,18E+11;0.2769502650146553;0.686607837677002;0.2513176808816483;0.7187245;0.0019399105;0.97005594;0.029944036
flor_20260516_101541_590533.jpg;sana;baseline;0.348680226801956;2;tallo_amarillo;cosine_sim_bad;0.20552159921893515;0.946275206091756;0.5801700013180483;0.7308767542010245;0.3627178774978623;1,33E+10;0.09873466257037739;0.7349917888641357;0.5889003083247688;0.7057836;0.006099019;0.7716574;0.22834264
flor_20260516_101551_093410.jpg;sana;baseline;0.3711945944793382;2;tallo_amarillo;cosine_sim_bad;0.29441764547379456;0.8216211842811555;0.7099066867663398;0.4897951195010212;0.32169841437045343;1,44E+11;0.12995752660764756;0.7423099875450134;0.4673991354466858;0.77563035;0.0015560339;0.9934645;0.0065355054
flor_20260516_101601_103068.jpg;enferma;severa;0.6643689450884711;0;tallos_rotos;clip_sick_prob;0.5749942048181533;0.6376005174548479;0.3986924926046948;0.6589630874745853;0.26114337693225503;2,28E+11;0.13041129715792799;0.7247549891471863;0.5526570048309178;0.80455613;0.07611504;0.6474317;0.35256827
flor_20260516_101612_114016.jpg;revisar;moderada;0.4383706969590082;0;follaje_blanco;cosine_sim_bad;0.39780569868725246;0.5855384604104891;0.8362810534704124;0.726046947720697;0.24401149784605192;0.0001402796826170424;0.1270627062642733;0.7494385242462158;0.5864661654135338;0.7372607;0.0041917595;0.9116241;0.088375956
flor_20260516_101621_617416.jpg;enferma;severa;0.7164324563009348;0;follaje_blanco;clip_sick_prob;0.5900644723264032;0.19523324061649855;1.0;1.0;0.115575123798686;5,29E+10;0.09150387596615492;0.7611914277076721;0.741860465116279;0.8588141;0.08591591;0.8764473;0.12355263
flor_20260516_101633_640352.jpg;enferma;severa;0.6749480105201606;0;tallos_rotos;clip_sick_prob;0.6959421384258828;0.042847305296835336;0.3158010858765355;0.8833877226165567;0.06543001685237268;0.00015011738253470217;0.12384048961233236;0.720079243183136;0.6657633242999097;0.8423958;0.044025313;0.8947336;0.1052664
flor_20260516_101643_642329.jpg;enferma;severa;0.5836284469009676;0;tallos_rotos;clip_sick_prob;0.6893352593187021;0.01583453795812993;0.0;0.7200480868991392;0.05654101994938569;0.00010303899830437676;0.20401634970605714;0.6947369575500488;0.583442838370565;0.8107142;0.036529396;0.84736854;0.15263146
flor_20260516_101652_649831.jpg;sin_flores;severa;0.6090817108855947;0;tallos_rotos;clip_sick_prob;0.5559901611935018;0.07202348204138911;0.3818037620927991;0.9003963221855759;0.07503091932458006;2,59E+11;0.1170380768453204;0.7238023281097412;0.6743353783231084;0.82189864;0.047947045;0.43967262;0.5603274
flor_20260516_101702_654577.jpg;revisar;moderada;0.5534117274298798;0;tallos_rotos;clip_sick_prob;0.5154943420542124;0.0;0.3843313128269826;0.8426465402128264;0.049795671250220115;1,84E+11;0.11723644172926109;0.723944902420044;0.6452304394426581;0.8216267;0.04113483;0.60732204;0.39267793
flor_20260516_101713_664876.jpg;revisar;moderada;0.5435759726500905;0;tallos_rotos;clip_sick_prob;0.5141688949643766;0.0;0.26899279054925296;0.7721297938636468;0.04653839828210189;2,13E+09;0.12117346937487526;0.7174388766288757;0.6096911608093717;0.7915527;0.045136053;0.71314216;0.28685784
flor_20260516_101723_170420.jpg;sana;baseline;0.1601558067858808;2;tallo_amarillo;pct_yellow_in_stem;0.14976182236183933;0.5816568114892097;0.07073855817091994;0.206736528537485;0.2427341772069963;4,77E+10;0.13692262998577295;0.7062557339668274;0.3247422680412371;0.63131094;0.0004331324;0.99610054;0.0038994204
flor_20260516_101735_179133.jpg;sana;baseline;0.32408251619492934;2;tallo_amarillo;cosine_sim_bad;0.2446202038248219;0.681639839949711;0.6055987255731174;0.6466046807967791;0.2756352428102678;1,18E+10;0.13075657893840759;0.7364261746406555;0.5464285714285714;0.73925275;0.0011148752;0.9884221;0.011577854
flor_20260516_101745_693320.jpg;sana;baseline;0.33411865061591584;2;tallos_rotos;cosine_sim_bad;0.3106517256193968;0.5447436974527792;0.39839028545169464;0.6475146075675964;0.23058730783092588;2,67E+11;0.1451584661053092;0.7247379422187805;0.546887159533074;0.76371557;0.0003350491;0.9978714;0.0021285878
flor_20260516_101756_197051.jpg;sin_flores;baseline;0.47206518289213834;0;tallos_rotos;cosine_sim_bad;0.35677268141742097;0.7490806179898459;0.519193896524239;0.9332208077579793;0.2978277438456883;5,31E+10;0.0932399299409289;0.731552243232727;0.6908783783783784;0.787411;0.01417258;0.25888842;0.7411116
flor_20260516_101805_709273.jpg;sin_flores;baseline;0.5023268933261035;0;tallos_rotos;cosine_sim_bad;0.38107471301988227;0.7974276533838308;0.5133082537193051;0.9014439946298627;0.31373713374629114;4,19E+10;0.1013481146854617;0.7312202453613281;0.674863387978142;0.78466535;0.01991251;0.288209;0.71179104
flor_20260516_101816_722227.jpg;sana;baseline;0.2579702026449002;2;follaje_blanco;cosine_sim_bad;0.17840661276375178;0.5566143384825248;0.6089230042561197;0.5291073903849542;0.23449353817107646;4,34E+09;0.11106843842760054;0.7366136908531189;0.48721187243448055;0.6987237;0.00032333416;0.9879231;0.012076878
flor_20260516_101827_722866.jpg;sana;baseline;0.3563066824237594;2;tallos_rotos;cosine_sim_bad;0.291684658013551;0.5739295295219267;0.6645481404387645;0.7093386726079531;0.24019138754703925;2,27E+11;0.132691388367637;0.739751398563385;0.5780454699694605;0.7575035;0.002028058;0.9934987;0.0065013645
flor_20260516_101840_236576.jpg;revisar;moderada;0.44111328822494716;0;tallos_rotos;cosine_sim_bad;0.3944649756144643;0.07428548650861254;0.600729597737366;0.8150108782306353;0.07577526922592769;5,70E+11;0.08486535473298386;0.7361515164375305;0.6313025210084033;0.8175829;0.017500766;0.9910046;0.008995421
flor_20260516_101854_745765.jpg;revisar;moderada;0.4572063005374582;0;tallos_rotos;cosine_sim_bad;0.43533518733962107;0.10454823617080886;0.35323567611897616;0.946199359818322;0.08573372644914182;6,85E+10;0.1209501187533539;0.7221908569335938;0.6974193548387096;0.7725412;0.022306766;0.98602134;0.013978616
flor_20260516_101928_785163.jpg;sana;baseline;0.30291965764661866;2;tallos_rotos;cosine_sim_bad;0.27553599422986036;0.5703935851115769;0.1490651575530623;0.6347101524204068;0.2390278266827032;3,87E+11;0.12231668436532235;0.710673987865448;0.5404339250493096;0.73898965;0.0018358809;0.99302375;0.0069762277
flor_20260516_101944_286240.jpg;sana;baseline;0.33466425587745763;2;tallo_amarillo;cosine_sim_bad;0.26657036939861023;0.7898337539959287;0.5784930686194073;0.4124221670020222;0.31123823582538335;1,20E+10;0.12133460135351604;0.7348971962928772;0.4284044418468732;0.7637155;0.0011013509;0.9587307;0.04126925
flor_20260516_101959_801375.jpg;sana;baseline;0.34883818581197995;0;tallo_amarillo;cosine_sim_bad;0.27027749165082604;0.9519031420947983;0.4033513434353867;0.6292399910563305;0.36456984272134274;4,24E+10;0.1310841679730202;0.725017786026001;0.5376770538243626;0.7165773;0.0019231801;0.9415608;0.058439173
flor_20260516_102012_308179.jpg;revisar;moderada;0.6443028004774626;0;tallos_rotos;clip_sick_prob;0.5097489735181967;0.4650310605197532;0.5310750756442888;0.9777239731674905;0.20435654909591386;3,15E+09;0.1001895135754776;0.7322224378585815;0.7133072407045009;0.769962;0.06255514;0.80941665;0.19058335
flor_20260516_102022_824689.jpg;sana;baseline;0.4341286940594919;0;tallo_amarillo;cosine_sim_bad;0.349506831711039;0.736907761991342;0.3965453424826794;0.6492382259945757;0.29382206468240735;2,01E+10;0.12053650736182835;0.7246338725090027;0.5477558348294435;0.75539017;0.018519644;0.9850701;0.01492991
flor_20260516_102034_829634.jpg;enferma;severa;0.6484402479586392;0;tallos_rotos;clip_sick_prob;0.5857749153340849;0.25206676894542657;0.4190492086975229;0.7660094466117767;0.1342771342579326;4,82E+10;0.1132553880748517;0.7259032726287842;0.6066066066066066;0.8123737;0.12281676;0.67889935;0.32110065
flor_20260516_102103_352038.jpg;sana;baseline;0.41536701623639816;2;tallo_amarillo;cosine_sim_bad;0.3693030064318983;0.7625073180987306;0.5480948330337091;0.6684791042146181;0.3022460211065375;2,90E+10;0.16655694534882057;0.7331824898719788;0.55745292052346;0.7594969;0.006846432;0.98985976;0.0101402085
flor_20260516_102113_361114.jpg;sana;baseline;0.2581791288574688;0;tallo_amarillo;pct_yellow_in_stem;0.19279618967909276;0.7860289805125739;0.19916180483886445;0.42154063594903757;0.3099862123179048;4,79E+09;0.12160919539298014;0.7134998440742493;0.43300000000000005;0.6752072;0.004943736;0.9797529;0.02024716
flor_20260516_102124_874694.jpg;sana;baseline;0.4511960621394575;0;tallos_rotos;cosine_sim_bad;0.36383528866515086;0.434376810992231;0.6764800396404368;0.7084535611605409;0.19426926238082406;1,99E+11;0.08647732089344896;0.7404244542121887;0.5775993883792049;0.83697546;0.014856954;0.97612345;0.023876525
flor_20260516_102135_872433.jpg;sana;baseline;0.4147945915117458;0;tallos_rotos;cosine_sim_bad;0.37022230375346854;0.4577233724948061;0.44984580825763054;0.7234871810520217;0.20195183374752843;6,42E+10;0.0901273885278561;0.7276404500007629;0.5851760851760852;0.83695316;0.005514099;0.98676896;0.013230962
flor_20260516_102206_399711.jpg;revisar;moderada;0.6079799291435972;0;tallos_rotos;clip_sick_prob;0.5291374891869925;0.6293563798024604;0.3157387424428746;0.7200300239460986;0.25843050737909123;5,31E+10;0.11776818982959715;0.7200757265090942;0.583433734939759;0.789797;0.042634297;0.9827702;0.017229822
flor_20260516_102221_420298.jpg;sin_flores;baseline;0.3355323986283328;2;tallo_amarillo;clip_sick_prob;0.2056940969921478;0.8623361185314097;0.4832460386743553;0.6589972658037967;0.33509633543192335;5,53E+10;0.11116670000888866;0.7295244932174683;0.5526742301458671;0.50942546;0.018172134;0.43279085;0.5672091
flor_20260516_102232_425376.jpg;sana;baseline;0.4077065949265335;0;tallos_rotos;cosine_sim_bad;0.3767211413291949;0.14628269925708057;0.39926626352804834;0.9723849051286783;0.09946714030008542;7,43E+10;0.10239361701276649;0.7247873544692993;0.7106164383561644;0.7860562;0.01138236;0.9656831;0.034316882
flor_20260516_102243_936401.jpg;revisar;moderada;0.4062121042258514;0;tallos_rotos;cosine_sim_bad;0.3972183908872414;0.1516280590598783;0.37611782960925344;1.0;0.10122611916132702;0.00010846654030861698;0.11025924754107973;0.7234815955162048;0.777694610778443;0.7788666;0.007425894;0.9196688;0.08033126
flor_20260516_102254_442375.jpg;sin_flores;severa;0.6319535997491776;0;tallos_rotos;clip_sick_prob;0.6595383421698042;0.1508716145609682;0.1162830781311107;0.9185533842602852;0.1009771986148394;0.0002874113814897892;0.14322469981092567;0.7088248133659363;0.6834862385321101;0.6381264;0.069677874;0.099409066;0.9005909
flor_20260516_102308_455119.jpg;sana;baseline;0.2306880409547863;2;tallo_amarillo;pct_yellow_in_stem;0.08949239670465119;1.0;0.9327020419713499;0.13925923643038066;0.40487781129369693;1,26E+11;0.10733240222714159;0.7548774480819702;0.29073482428115016;0.54016393;0.0043485956;0.83456945;0.16543058
flor_20260516_102321_459675.jpg;sana;baseline;0.28796555666907686;2;tallo_amarillo;pct_yellow_in_stem;0.20573000129220215;1.0;0.9059176122012483;0.4671621852053608;0.4750807567883756;1,67E+11;0.20291608301267566;0.7533665895462036;0.45599250936329594;0.5213474;0.000588503;0.9771672;0.022832833
flor_20260516_102403_001451.jpg;sana;baseline;0.42719970021330567;0;tallo_amarillo;cosine_sim_bad;0.3833774861252647;0.7378139038102336;0.6896355608112495;0.656688116654434;0.2941202456025922;3,90E+11;0.15370108438509542;0.7411665320396423;0.5515104570100697;0.8096118;0.0012101764;0.9970323;0.0029676443
flor_20260516_102434_524653.jpg;enferma;severa;0.7145152348940752;0;tallos_rotos;clip_sick_prob;0.6564054307493099;0.4049830552947237;0.5915112229024928;0.7925402183781137;0.18459676196329297;0.00015427566093760778;0.09914233202990173;0.73563152551651;0.6199776785714286;0.8046485;0.049435083;0.9025853;0.09741472
flor_20260516_102450_533409.jpg;enferma;severa;0.6676310996558453;0;follaje_blanco;clip_sick_prob;0.6063917563539385;0.24509408637949456;0.6522738806861411;0.6275523197883187;0.13198265798466044;0.00010168482934274273;0.08106297453315509;0.7390590310096741;0.536826495304004;0.8507802;0.047996525;0.9701175;0.02988249
flor_20260516_102506_049702.jpg;enferma;severa;0.7430122671199857;0;tallos_rotos;clip_sick_prob;0.7414357503461607;0.12976362041409853;0.5257716571096455;0.8107849327181426;0.09403126478113896;0.00023035268110064894;0.09368421051535857;0.7319232821464539;0.6291727140783745;0.80754864;0.051553436;0.900466;0.09953395
flor_20260516_102518_559476.jpg;sana;baseline;0.4587829654077699;2;follaje_blanco;cosine_sim_bad;0.37444034730692755;0.4111700113066026;0.777796572686304;0.6774786500189266;0.1866326819465709;4,78E+10;0.08194178300192154;0.7461395263671875;0.5619885433715222;0.82369745;0.014943294;0.999206;0.0007939595
flor_20260516_102537_074473.jpg;sana;baseline;0.4226496521849585;0;follaje_blanco;cosine_sim_bad;0.35778040649298565;0.5624339175551217;0.5801023745425518;0.5665900636838895;0.2364085667094106;6,80E+10;0.07439773263174329;0.7349879741668701;0.5061025223759155;0.83423007;0.007086477;0.9805746;0.019425377
flor_20260516_102846_223340.jpg;sana;baseline;0.1822034295313356;2;follaje_blanco;pct_yellow_in_stem;0.05008508514242387;0.860898766793526;1.0;0.0;0.3346233511209733;2,14E+09;0.09653295042937171;0.8341186046600342;0.18173963133640553;0.57954854;0.0017665479;0.6166162;0.38338378
flor_20260516_102912_244815.jpg;enferma;severa;0.462035337799924;0;tallos_rotos;cosine_sim_bad;0.6026982168996504;0.3959931036807601;0.0;0.6937116595557443;0.18163847001739433;0.00012565894323891323;0.23172242870743096;0.6986880302429199;0.5701697127937337;0.8347003;0.00090921624;0.973789;0.026210962
flor_20260516_102926_257150.jpg;sana;baseline;0.33362417292645574;2;tallo_amarillo;cosine_sim_bad;0.3713897567185299;1.0;0.2672313243812413;0.0;0.4407710569986616;8,34E+09;0.21427031685554318;0.7173395156860352;0.14886444286728176;0.7488149;0.00039638532;0.94535047;0.05464956
flor_20260516_102944_268725.jpg;revisar;moderada;0.4599947277609103;2;tallo_amarillo;cosine_sim_bad;0.47547192285516404;0.9995362135429176;0.414437907943352;0.7204577247490791;0.3802442910025229;3,91E+10;0.2867552757207208;0.7256431579589844;0.5836492890995261;0.77271724;0.000715587;0.97988075;0.020119214
flor_20260516_102959_285056.jpg;enferma;severa;0.500504874428651;0;tallos_rotos;cosine_sim_bad;0.5807610040023019;0.0;0.5739895480386841;0.921791047215926;0.03758982862421508;0.00013982375703168275;0.18486870528611835;0.7346431612968445;0.6851179673321234;0.82459366;0.008549761;0.973076;0.026924048
flor_20260516_103010_293943.jpg;sana;baseline;0.3498426014073157;2;tallos_rotos;gray_mold_score;0.34327392827452696;0.557455732673541;0.3850656973421404;0.6842200697572531;0.23477041281573446;1,84E+10;0.21857923495696152;0.7239863276481628;0.5653861078773768;0.6389394;0.013118555;0.9853749;0.014625068
flor_20260516_103026_301805.jpg;revisar;moderada;0.5240642111634362;0;tallos_rotos;clip_sick_prob;0.48847735720916485;0.15030698858455072;0.5568355937666378;0.8792898206227915;0.10079139911889033;4,86E+10;0.15774683866664024;0.7336755394935608;0.6636980491942324;0.72786766;0.03622525;0.9760611;0.023938883
flor_20260516_103039_318498.jpg;sana;baseline;0.3268078621514262;0;tallos_rotos;cosine_sim_bad;0.2912390784672943;0.0;0.6448655787641677;0.7003076352629676;0.04312354310678961;4,27E+10;0.0821697849705271;0.7386411428451538;0.5734939759036145;0.78853524;0.0056943456;0.9409533;0.059046738
flor_20260516_103135_360211.jpg;enferma;severa;0.6526781127955997;0;tallos_rotos;clip_sick_prob;0.6001024282299108;0.46820705356005693;0.6567573245678888;0.7317456853162474;0.2054016620214125;6,03E+11;0.1628678503309659;0.739311933517456;0.5893382352941177;0.77839315;0.045370586;0.72985536;0.27014464
flor_20260516_103207_383850.jpg;sana;baseline;0.32131561892687477;2;tallo_amarillo;pct_yellow_in_stem;0.2889065683468292;0.8745690829082904;0.6120613093065064;0.39647143419723196;0.33912179424911887;7,61E+09;0.19575213486995008;0.7367907166481018;0.42036553524804177;0.68960166;0.0004700063;0.98785293;0.012147032
flor_20260516_103219_397507.jpg;sana;baseline;0.34335752893049415;2;tallo_amarillo;pct_yellow_in_stem;0.3446845589334133;1.0;0.6342354949908041;0.22378285011095048;0.394162910331277;6,43E+09;0.23812345145760402;0.7380415201187134;0.33333333333333337;0.68914115;0.00043722105;0.9843573;0.015642783
flor_20260516_103229_904644.jpg;revisar;moderada;0.34097070560382503;2;tallo_amarillo;cosine_sim_bad;0.41406941448436624;0.7747469185330904;0.04476987638024554;0.37046128869802136;0.3062736636279659;1,05E+11;0.3123768414833089;0.7047908902168274;0.40725685034628123;0.73862755;0.00096693996;0.9885726;0.01142739
flor_20260516_103251_924356.jpg;sana;baseline;0.3588598829403246;0;tallos_rotos;cosine_sim_bad;0.29814815173449105;0.6607851309409046;0.18828340399922444;0.8776701345872259;0.26877265663138505;7,28E+10;0.09727429323160662;0.7128862142562866;0.6628817541111981;0.7605292;0.0019062018;0.9938101;0.0061898567
flor_20260516_103310_437651.jpg;enferma;severa;0.4615279737740051;0;tallos_rotos;cosine_sim_bad;0.5526566514194328;0.3870915364944941;0.0;0.6593575163161592;0.17870926242609833;0.00014819392594084263;0.17086513992737085;0.6769477725028992;0.5528557904701799;0.80578554;0.008604224;0.9912561;0.008743875
flor_20260516_103326_449479.jpg;revisar;moderada;0.39885527127206444;0;tallos_rotos;cosine_sim_bad;0.4727303465091575;0.38748060466892065;0.0;0.6969655142625607;0.17883729172995172;5,93E+11;0.18230688323217167;0.683090329170227;0.5718096019696348;0.8398401;0.0012446584;0.9968246;0.0031754165
flor_20260516_103342_464570.jpg;sana;baseline;0.33906424059504997;0;tallos_rotos;cosine_sim_bad;0.2664959266827965;0.6594212092757938;0.6618515227658397;0.7488095545736855;0.2683238356977477;6,59E+10;0.12816532453050522;0.7395992875099182;0.5979381443298969;0.6960911;0.00095998193;0.9179714;0.08202861
flor_20260516_103354_473808.jpg;revisar;moderada;0.6308988084153314;0;follaje_blanco;clip_sick_prob;0.5214282432519121;0.39724617357499536;0.8819925270326102;0.8075071373298603;0.18205081334636247;7,31E+10;0.09046321525437388;0.7520170211791992;0.627520759193357;0.8117462;0.04002216;0.92845404;0.07154594
flor_20260516_103406_980871.jpg;revisar;moderada;0.6191791515182048;0;follaje_blanco;cosine_sim_bad;0.5280252311413645;0.3933998707870298;0.99975293320781;0.8048626119968864;0.18078512393581522;0.00012221141900278033;0.08401813544516774;0.7586596608161926;0.6261879619852164;0.82087994;0.030706042;0.8757551;0.124244966
flor_20260516_103420_997818.jpg;sana;baseline;0.24276976279225526;2;follaje_blanco;pct_yellow_in_stem;0.1334793942703924;0.896525187665321;0.9396295597862775;0.0;0.3463468128760426;6,99E+08;0.09896718524650495;0.7552682161331177;0.18254497001998668;0.6664593;0.00027247396;0.990013;0.009986984
flor_20260516_103442_511741.jpg;revisar;moderada;0.455349142665938;2;follaje_blanco;clip_sick_prob;0.40108694104465303;0.5380760014004128;1.0;0.7143529776900942;0.22839319240334363;4,75E+08;0.23169575771051448;0.7608105540275574;0.5805725971370144;0.6497684;0.02311298;0.99986446;0.00013551406
flor_20260516_103454_516941.jpg;revisar;moderada;0.33834137644878237;2;tallos_rotos;cosine_sim_bad;0.4594920623626662;0.03638479090391333;0.0;0.7241007368913284;0.06330341983608395;6,71E+10;0.21150662249904745;0.6873170137405396;0.5854853072128228;0.77498394;0.0015125985;0.99682426;0.0031757606
flor_20260516_103505_031175.jpg;sana;baseline;0.262050507500398;2;tallo_amarillo;cosine_sim_bad;0.22142859165375864;0.7102466996675582;0.35122060954285245;0.0;0.28504880211900885;6,09E+09;0.08307840926718094;0.7220771908760071;0.18624833110814418;0.78169006;0.0002248773;0.9988418;0.0011581535
flor_20260516_103516_538938.jpg;sana;baseline;0.3251000472118851;0;tallos_rotos;cosine_sim_bad;0.25149840549809666;0.36695171493502204;0.48642238378595876;0.6478305979920355;0.17208192176069587;1,90E+11;0.06703744901245551;0.7297036647796631;0.5470464135021097;0.80597883;0.0033554712;0.9925436;0.0074563785
flor_20260516_103528_050407.jpg;sana;baseline;0.36762874118841443;0;tallos_rotos;cosine_sim_bad;0.27067808580269204;0.48090859555634846;0.4454659178758619;0.6610748942268523;0.20958131403753227;3,24E+10;0.05709284880337616;0.727393388748169;0.5537213206491326;0.76328754;0.013479698;0.98010397;0.019896066
flor_20260516_103541_558795.jpg;sana;baseline;0.3214323631028401;2;tallos_rotos;cosine_sim_bad;0.2371387222928787;0.5111582912902978;0.5052691207821529;0.6172679783981374;0.21953547565021883;3,14E+10;0.054812697759026974;0.730766773223877;0.5316433566433566;0.7900918;0.0013521403;0.9974541;0.002545914
flor_20260516_103553_066620.jpg;sana;baseline;0.3346018482810347;2;tallo_amarillo;cosine_sim_bad;0.24041640388697716;0.6387831673563135;0.5001083524770726;0.5764898555674947;0.26153254740041293;3,27E+10;0.06221297980571761;0.730475664138794;0.5110918544194107;0.78773135;0.0022261962;0.94527835;0.05472164
flor_20260516_103605_079935.jpg;sana;baseline;0.15333423153904763;2;follaje_blanco;cosine_sim_bad;0.10085480139549027;0.34390536893545254;0.5548258105323498;0.0;0.16449814125991738;7,67E+09;0.051545289268362174;0.733562171459198;0.19548713622943903;0.6776343;0.0006303801;0.9126167;0.08738328
flor_20260516_103615_585919.jpg;sana;baseline;0.29426733020941576;2;tallos_rotos;cosine_sim_bad;0.19936108411041165;0.5109986480989087;0.5533971948999853;0.6585785648706088;0.21948294242339142;2,72E+10;0.06939281288217852;0.7334815859794617;0.5524632117722329;0.7553655;0.00016410938;0.99217004;0.007830013
flor_20260516_103626_095915.jpg;revisar;moderada;0.5067698697750823;0;tallos_rotos;cosine_sim_bad;0.43489644564780094;0.26208714478624784;0.5779890378082846;0.8075425101558921;0.13757450430147494;5,15E+10;0.08909058338274971;0.7348687648773193;0.6275385865150285;0.8131243;0.0268099;0.8155911;0.18440895
flor_20260516_103637_605574.jpg;sana;baseline;0.2285072850386452;2;tallo_amarillo;cosine_sim_bad;0.1783551550012085;0.5396907697552523;0.43334487503647284;0.14041131595401532;0.22892455858013083;4,41E+10;0.08175959232001202;0.7267096638679504;0.29131545338441894;0.74076545;0.00015095324;0.99680626;0.0031937684
flor_20260516_103650_615995.jpg;sana;baseline;0.3172063221040059;2;tallo_amarillo;cosine_sim_bad;0.2357312877217907;0.7671524790333621;0.5719755381309275;0.2569071648918804;0.30377458797434786;3,75E+09;0.08505415161840764;0.7345295548439026;0.3500274423710209;0.78954595;0.0015809354;0.9944792;0.0055208183
flor_20260516_103710_124726.jpg;sana;baseline;0.2265402596303005;2;tallo_amarillo;cosine_sim_bad;0.12307306654498965;0.6539086292782279;0.5633372742296107;0.455916115205608;0.2665098302716683;2,11E+10;0.08922522521879457;0.7340422868728638;0.4503246753246753;0.674965;0.0002236589;0.99735427;0.002645754
flor_20260516_103724_642618.jpg;sana;baseline;0.3510739688216833;2;follaje_blanco;cosine_sim_bad;0.26712318679037544;0.5170716015502014;0.6822917156596714;0.6265169781301679;0.22148134798264618;1,26E+11;0.08463389480339402;0.7407522797584534;0.5363047001620745;0.8181882;0.0005848997;0.996376;0.0036240679
flor_20260516_103735_653123.jpg;sana;baseline;0.4027698892046151;0;tallos_rotos;cosine_sim_bad;0.3575968973080047;0.49108882714707836;0.639654090377465;0.6724489729735137;0.21293128725379087;4,64E+10;0.107070830525755;0.7383471727371216;0.5594536689876808;0.8810283;0.0008410236;0.99659735;0.0034026818
flor_20260516_103746_658607.jpg;sana;baseline;0.40259052810947266;0;follaje_blanco;cosine_sim_bad;0.3109486625200301;0.6124823561087922;0.6864845757404573;0.6586241538071083;0.2528778313991287;2,94E+11;0.07873606376993032;0.7409887909889221;0.5524861878453039;0.8543842;0.002852278;0.9947307;0.0052693035
flor_20260516_103802_670879.jpg;sana;baseline;0.1800954113019932;2;follaje_blanco;cosine_sim_bad;0.12610009819919468;0.39537614662974657;0.6396984704488846;0.0;0.1814354501176939;1,96E+09;0.07105098108851797;0.7383496761322021;0.15207373271889402;0.6799454;0.0012030597;0.9915555;0.00844454
flor_20260516_103814_682315.jpg;sana;baseline;0.1678188571173101;2;follaje_blanco;cosine_sim_bad;0.11481584252734603;0.4274813778588465;0.5415022790911628;0.0;0.1920002063082319;1,93E+10;0.06840417659554351;0.7328106164932251;0.2184395090590298;0.675036;0.00064092106;0.99261004;0.0073899347
flor_20260516_103826_691203.jpg;sana;baseline;0.3447381908681829;2;tallo_amarillo;cosine_sim_bad;0.21139459046562703;0.805822830548725;0.6329273395522927;0.645853046116088;0.3164997053437537;1,13E+10;0.06770951408843727;0.7379677295684814;0.5460497599301615;0.78078616;0.0015293289;0.99322706;0.006772981
flor_20260516_103838_199326.jpg;revisar;moderada;0.5437022930999559;0;tallos_rotos;clip_sick_prob;0.4350450187127748;0.304014573787398;0.6516884864107492;0.7569500428352995;0.15137141677135785;4,65E+10;0.05167575993361841;0.7390260100364685;0.6020408163265306;0.8068487;0.035931204;0.73827714;0.26172286
flor_20260516_103853_211064.jpg;sana;baseline;0.4348101850484478;0;tallos_rotos;cosine_sim_bad;0.3626598219725644;0.15947009234326887;0.662059686434165;0.7029702427398493;0.10380666963566877;4,90E+10;0.06533710373081283;0.739611029624939;0.574835886214442;0.8129757;0.019065447;0.98636115;0.013638836
flor_20260516_103904_223916.jpg;revisar;moderada;0.440591868805317;2;tallos_rotos;cosine_sim_bad;0.4711468952178629;0.24978930385800607;0.6379507409696457;0.6578357431937737;0.13352769678435195;0.0002553402313305626;0.08401340716379967;0.7382510900497437;0.5520888418826018;0.7818756;0.0010153459;0.98133504;0.018664906
flor_20260516_103914_731935.jpg;revisar;moderada;0.44172172283444655;2;tallos_rotos;pct_brown_lesions;0.4946489821923158;0.24970380494535013;0.6198531818457492;0.6557396558306304;0.13349956195609544;0.00023758273442128848;0.11364636829687114;0.7372302412986755;0.5510324483775811;0.7687189;0.0006883627;0.96112305;0.03887696
flor_20260516_103924_235777.jpg;sana;baseline;0.31774071270378;2;tallo_amarillo;cosine_sim_bad;0.3113327194460522;0.6778029046753352;0.4784720109916458;0.22847569110110888;0.27437263593466577;4,77E+10;0.1425653594654767;0.729255199432373;0.33569844789356984;0.7435684;0.00067929237;0.9963831;0.0036168979
flor_20260516_103940_750796.jpg;sana;baseline;0.35642422624262554;0;follaje_blanco;cosine_sim_bad;0.34130996024688776;0.4551821034371997;0.549399818467119;0.3735595879826944;0.20111558722382064;9,25E+10;0.0944217445288309;0.7332561016082764;0.40881834215167545;0.7848125;0.0025436431;0.9607956;0.03920447
flor_20260516_103950_757103.jpg;sana;baseline;0.32497229734431043;2;tallos_rotos;cosine_sim_bad;0.2707604522528074;0.5119619361438141;0.549763312385413;0.623080198573484;0.21979992825236938;4,31E+09;0.10755060921926982;0.7332766056060791;0.5345726198749131;0.7565708;0.00053344877;0.9980538;0.001946269
flor_20260516_104003_268459.jpg;sana;baseline;0.3487166884880781;2;tallos_rotos;cosine_sim_bad;0.29950019898347846;0.2285222197010552;0.6315600106852219;0.6869411612879746;0.12652941175726298;9,43E+10;0.06482387475141732;0.7378906011581421;0.5667574931880109;0.77504176;0.003646742;0.98495805;0.015041936
flor_20260516_104014_774926.jpg;sana;baseline;0.2686887903105261;2;follaje_blanco;cosine_sim_bad;0.24235583411627282;0.3774476662679641;0.6056441623129042;0.22352039087402567;0.17553578776866835;0.00011694316524924388;0.04520265130444391;0.7364287376403809;0.3332010582010582;0.7055552;0.0007328654;0.9921308;0.007869213
flor_20260516_104026_787573.jpg;revisar;moderada;0.5976907669291108;2;follaje_blanco;clip_sick_prob;0.47966017480770334;0.08176189749938263;0.8919801564387566;0.6561991878454846;0.07823550565076776;2,21E+10;0.07392436283406931;0.7525804042816162;0.5512640449438202;0.78601235;0.091706485;0.9998128;0.00018719975
flor_20260516_104039_296796.jpg;sana;baseline;0.39782534399943476;0;follaje_blanco;cosine_sim_bad;0.345490620168736;0.20339131965147073;0.7394479643062928;0.7178279224703104;0.11825967434350498;7,46E+10;0.06433711427830606;0.743976354598999;0.582323912068192;0.8927762;0.0040040626;0.99883336;0.0011666574
flor_20260516_104050_307703.jpg;sana;baseline;0.18894739498720697;2;tallo_amarillo;pct_yellow_in_stem;0.12231259089284487;0.6013917052314354;0.5638349650305305;0.0;0.24922826969133297;3,11E+11;0.08146829433015698;0.734070360660553;0.15007232401157186;0.63660353;0.0036317622;0.9131573;0.08684268
flor_20260516_104059_812946.jpg;enferma;severa;0.6797071979170922;0;tallos_rotos;clip_sick_prob;0.616912796697052;0.18412470172625936;0.601916236313657;0.6702762702717615;0.11191967574503318;0.0001347407054199233;0.054890864991520544;0.7362184524536133;0.5583586626139818;0.8185758;0.058996946;0.8999233;0.10007667
flor_20260516_104111_323750.jpg;enferma;severa;0.6947221387162588;0;tallos_rotos;clip_sick_prob;0.6524337764936139;0.192547254342078;0.4307021474502718;0.7082670847780491;0.11469125568641822;0.00013326507561162444;0.07559488015844043;0.7265605926513672;0.5775054073540015;0.85956496;0.055166118;0.6560431;0.34395695
flor_20260516_104125_835012.jpg;sana;baseline;0.2580346633651854;2;follaje_blanco;cosine_sim_bad;0.2887233329817569;0.20615996583957125;0.3940685118301184;0.17327421560950873;0.11917074306456227;6,47E+10;0.12029353267126441;0.7244941592216492;0.3078778135048232;0.71407187;0.004484585;0.98572296;0.014276993
flor_20260516_104139_851042.jpg;sana;baseline;0.2865500056653153;2;tallos_rotos;cosine_sim_bad;0.28256165918451265;0.25249407056189405;0.34467137900335865;0.6739633597471786;0.13441774490688224;7,16E+10;0.11888938117568384;0.7217077612876892;0.560216894977169;0.720565;0.0007876761;0.9188165;0.08118349
flor_20260516_104151_853920.jpg;sana;baseline;0.20589633248828554;2;follaje_blanco;cosine_sim_bad;0.1363739295296099;0.6085317972578845;0.6340769947357341;0.0;0.2515778348104612;1,15E+10;0.08099266778556202;0.7380325794219971;0.17910211824217515;0.6843856;0.0013991373;0.95044655;0.04955344
flor_20260516_104202_364573.jpg;sana;baseline;0.3726766042492837;2;tallos_rotos;cosine_sim_bad;0.301356286283091;0.4219622587300075;0.554384123154888;0.5772818992519886;0.19018404907308734;1,77E+11;0.10471584037849932;0.7335372567176819;0.5114910313901345;0.74533135;0.015489164;0.9875678;0.012432213
flor_20260516_104213_372540.jpg;sin_flores;moderada;0.6283260593221134;0;tallos_rotos;clip_sick_prob;0.5269320096274783;0.3804276645858297;0.3314123043325667;0.7388532959555553;0.17651640539611368;1,79E+10;0.08364800524678641;0.7209598422050476;0.5929203539823009;0.8259621;0.12844078;0.10044005;0.89956
flor_20260516_104224_380009.jpg;sin_flores;baseline;0.39663111559042413;0;tallos_rotos;clip_sick_prob;0.3101039051057416;0.20267167932873653;0.2796387243481236;0.3339332199790096;0.11802286481859256;2,97E+11;0.08730508324488546;0.7180393934249878;0.3888473053892216;0.55966747;0.055868097;0.447764;0.55223596
flor_20260516_104233_392091.jpg;sana;baseline;0.2630554169789458;0;tallo_amarillo;cosine_sim_bad;0.2800497402115584;0.43474307102871335;0.027218614802157086;0.41280500069241316;0.1943897862904686;7,18E+09;0.1405746989220729;0.7038008570671082;0.4285973837209302;0.75283885;0.0016892842;0.99698216;0.0030177757
flor_20260516_104256_409471.jpg;sana;baseline;0.3086906143878745;2;follaje_blanco;cosine_sim_bad;0.21485254475061885;0.46932456806372275;0.7334154445983273;0.5450925682995011;0.20576939861195037;7,53E+10;0.07436954904507001;0.7436360716819763;0.4952681388012618;0.78248876;0.0008481556;0.99861085;0.0013891
flor_20260516_104308_414358.jpg;sana;baseline;0.5280924555945995;2;follaje_blanco;clip_sick_prob;0.3798167029372081;0.4523910390648578;0.7920478589538343;0.7094597855071747;0.20019714142925607;2,09E+08;0.07517842022044403;0.7469434142112732;0.5781065088757397;0.7431222;0.039958674;0.94806015;0.051939875
flor_20260516_104320_928456.jpg;revisar;moderada;0.6028823870345061;0;follaje_blanco;clip_sick_prob;0.47651621036166847;0.3188517539079942;0.8206096049174545;0.6032235923144634;0.1562538357581776;1,28E+11;0.05001941747184315;0.748554527759552;0.5245652173913044;0.8400308;0.04527436;0.98681784;0.013182169
flor_20260516_104331_940861.jpg;revisar;moderada;0.6486664091281721;0;tallos_rotos;clip_sick_prob;0.5129833929284233;0.0;0.8696622638565287;1.0;0.02585722314454344;1,32E+11;0.04597701149110721;0.7513214945793152;0.8841145833333333;0.85570765;0.115691744;0.66896725;0.33103272
flor_20260516_104342_948415.jpg;sana;baseline;0.42381476977065613;0;follaje_blanco;cosine_sim_bad;0.35799591062512914;0.5283605818660192;0.7847705839093855;0.6885242716262975;0.22519617326533398;0.00012540757461748046;0.05384485949403964;0.7465329170227051;0.5675553547220967;0.8178653;0.00049977575;0.99911505;0.0008848988
flor_20260516_104354_454350.jpg;revisar;moderada;0.5961147134583915;0;tallos_rotos;clip_sick_prob;0.5038840948238706;1,85E+11;0.6598512495468559;0.71944893880119;0.05133648556872175;3,75E+11;0.07094511945927219;0.7394864559173584;0.5831408775981524;0.79872406;0.12010704;0.8616774;0.1383226
flor_20260516_104403_960124.jpg;revisar;moderada;0.41995104385412246;0;tallos_rotos;cosine_sim_bad;0.4663555074485844;0.1346274038029141;0.5586541200264747;0.6549194582392536;0.0956317729755746;0.00022343872193041268;0.09109611585820473;0.7337781190872192;0.5506190823015294;0.7826589;0.0014700883;0.98933595;0.010664075
flor_20260516_104416_472119.jpg;sana;baseline;0.39124999717909587;0;tallos_rotos;cosine_sim_bad;0.34747073040816;0.4353979107474052;0.5229630325898045;0.665604779126079;0.19460527210717218;5,05E+10;0.09936729395689753;0.7317648530006409;0.5560043080236942;0.8188544;0.004764859;0.9939897;0.006010361
flor_20260516_104430_484841.jpg;sana;baseline;0.32033417764016936;2;tallo_amarillo;cosine_sim_bad;0.2822588163595574;0.5843937838133174;0.4228046080743156;0.4552364524228204;0.24363482312037132;1,99E+10;0.11431945039562907;0.7261151075363159;0.44998213647731333;0.7840159;0.00056843803;0.9964809;0.00351912
flor_20260516_104446_505157.jpg;sana;baseline;0.3687494948682982;0;tallos_rotos;cosine_sim_bad;0.34045619284529016;0.3789598251037843;0.4392653878975222;0.6124032561623052;0.17603338858978712;2,44E+10;0.10446373216527549;0.727043628692627;0.5291916167664671;0.84487224;0.0027848948;0.96912295;0.030877097
flor_20260516_104456_007464.jpg;revisar;moderada;0.45822093964669164;0;tallos_rotos;cosine_sim_bad;0.4799967876527536;0.08112891064295745;0.386961360392778;0.6580008665390943;0.07802721087904577;9,36E+10;0.1144717959913377;0.7240932583808899;0.5521720613287905;0.82671344;0.01712758;0.70190424;0.29809573
flor_20260516_104507_014348.jpg;enferma;severa;0.4652494315533179;0;tallos_rotos;cosine_sim_bad;0.6430661839049652;0.15279145615355763;0.0;0.6455520931017468;0.10160895417534063;0.00020969213148704644;0.2035536159389491;0.6994788646697998;0.5458980845681243;0.82171416;0.0016042176;0.97966444;0.020335544
flor_20260516_104517_519503.jpg;enferma;severa;0.543427334695331;0;follaje_blanco;cosine_sim_bad;0.6451011362462802;0.06620926602173373;1.0;0.6535241543526532;0.07311765558732644;0.0012248857181052604;0.18006572815126964;0.7800562381744385;0.549915872125631;0.8028749;0.005843647;0.99788994;0.0021100654
flor_20260516_104526_529084.jpg;enferma;severa;0.5059879051413603;0;follaje_blanco;pct_brown_lesions;0.5752024613348965;0.03810764286330095;1.0;0.723049998185323;0.06387035270672539;0.001025564340765855;0.16447054003110054;0.779145359992981;0.5849557522123894;0.7333442;0.009617233;0.94594896;0.05405109
flor_20260516_104536_038400.jpg;enferma;severa;0.6667818679617785;0;follaje_blanco;clip_sick_prob;0.6936948238894323;0.09124628073860326;1.0;0.7464695447485385;0.08135649848290068;0.0009073458985994068;0.1541309529769168;0.7939348220825195;0.5967588179218303;0.7329045;0.03731757;0.8693322;0.13066779
flor_20260516_104544_542509.jpg;enferma;severa;0.8036108050312736;0;follaje_blanco;clip_sick_prob;0.8152369460261382;0.07839361558925358;1.0;0.7020129933230815;0.0771271168991783;0.0004304843749371433;0.12518870561223436;0.8036515712738037;0.5743534482758621;0.82568926;0.07359035;0.71652126;0.2834787
flor_20260516_104555_054385.jpg;sin_flores;severa;0.720646622475573;0;follaje_blanco;clip_sick_prob;0.70093585102903;0.0;1.0;1.0;0.0;0.0006325110689375516;0.13902097901320162;0.8025828003883362;1.0;0.6871587;0.11860585;0.21509689;0.7849031
flor_20260516_104604_058330.jpg;sin_flores;severa;0.7214591075308212;0;follaje_blanco;clip_sick_prob;0.7151363204735242;0.0;1.0;1.0;0.0;0.0006738927454985273;0.15841525871793635;0.7879554033279419;0.7850877192982456;0.67449373;0.17394003;0.43635792;0.5636421
flor_20260516_104613_062420.jpg;sin_flores;severa;0.6962294567013014;0;follaje_blanco;clip_sick_prob;0.6714859929890011;0.0;1.0;1.0;0.002277904322829375;0.0005627763633877103;0.14059724688384784;0.8023958802223206;1.0;0.6542787;0.17085978;0.428197;0.57180303
flor_20260516_104623_077315.jpg;sin_flores;severa;0.7062488592221119;0;follaje_blanco;clip_sick_prob;0.6867672631029732;0.0;1.0;1.0;0.0;0.0008425651427592182;0.14465268894140187;0.7996549010276794;1.0;0.6644438;0.13710769;0.21426533;0.7857347
flor_20260516_104634_082430.jpg;sin_flores;severa;0.7107615206034406;0;follaje_blanco;clip_sick_prob;0.67991654659098;0.0;1.0;1.0;0.0;0.0006293233473728126;0.12627824018274209;0.8069082498550415;1.0;0.6833148;0.091908455;0.22541928;0.77458066
flor_20260516_104644_088856.jpg;enferma;severa;0.7164230918498016;0;follaje_blanco;clip_sick_prob;0.6978217675316274;0.0;1.0;1.0;0.003300330022111122;0.0004918138872647148;0.14220606898914237;0.7989992499351501;1.0;0.6794107;0.1426382;0.48955736;0.5104426
flor_20260516_104654_597257.jpg;sin_flores;severa;0.7383102263292756;0;follaje_blanco;clip_sick_prob;0.7326582025192889;0.0;1.0;1.0;0.0;0.000779442211657783;0.15320512819620016;0.7968252897262573;1.0;0.700102;0.09896666;0.40984622;0.59015375
flor_20260516_104705_105985.jpg;enferma;severa;0.7015690589515675;0;follaje_blanco;clip_sick_prob;0.68385892226505;0.0;1.0;1.0;0.0;0.0006622173935468755;0.1489793482064594;0.8031945824623108;0.8131868131868132;0.65529454;0.056417417;0.48799887;0.5120011
flor_20260516_104733_127164.jpg;sin_flores;severa;0.7245350096185654;0;follaje_blanco;clip_sick_prob;0.7389087108422443;0.0;1.0;1.0;0.006153846134911243;0.00031372549019229295;0.18772763749689933;0.782098114490509;1.0;0.657756;0.07145478;0.41060528;0.5893947
flor_20260516_104743_639259.jpg;sin_flores;severa;0.730404313885932;0;follaje_blanco;clip_sick_prob;0.7211690569514158;0.0;1.0;1.0;0.0;0.00045993706123868393;0.1508416767438199;0.7962227463722229;1.0;0.6914892;0.06381395;0.29078612;0.70921385
flor_20260516_104753_147909.jpg;sin_flores;severa;0.6550626507086272;0;follaje_blanco;clip_sick_prob;0.7246280967401253;0.0;1.0;0.0;0.0;0.0004258717061409658;0.14736451372640977;0.8044439554214478;0.0;0.7000095;0.1544537;0.16884999;0.83115
flor_20260516_104802_653542.jpg;sin_flores;severa;0.7474760257284587;0;follaje_blanco;clip_sick_prob;0.7439644729298222;0.0;1.0;1.0;0.0;0.00024767801857244337;0.1529830458132083;0.7990919947624207;1.0;0.71218306;0.1198038;0.20285895;0.7971411
flor_20260516_104812_665227.jpg;sin_flores;severa;0.7125942341676528;0;follaje_blanco;clip_sick_prob;0.6868766798292607;0.0;1.0;1.0;0.0;0.0002156188936026465;0.14253418614123653;0.796200692653656;1.0;0.6941237;0.087301776;0.14189853;0.8581015
flor_20260516_104822_671015.jpg;sin_flores;severa;0.6710650732233174;0;follaje_blanco;clip_sick_prob;0.7614004781132061;0.0;1.0;0.0;0.0;0.00028263557674323845;0.17203140332816333;0.7995977401733398;0.0;0.7033749;0.11632744;0.18827617;0.8117238
flor_20260516_104832_677687.jpg;sin_flores;severa;0.6719367734348163;0;follaje_blanco;clip_sick_prob;0.7525358485071325;0.0;1.0;0.0;0.0;0.00034199726401409035;0.1573891963519467;0.8045846819877625;0.0;0.71486866;0.17350964;0.096746124;0.90325385
flor_20260516_104844_186770.jpg;sin_flores;severa;0.7486995167449717;0;follaje_blanco;clip_sick_prob;0.748826341558398;0.0;1.0;1.0;0.0;0.0003469079939615851;0.1578849979110013;0.8081342577934265;1.0;0.71030647;0.12265411;0.32943386;0.67056614
flor_20260516_104853_197595.jpg;sin_flores;severa;0.687880828521467;0;follaje_blanco;clip_sick_prob;0.7714340496605057;0.0;1.0;0.0;0.0;0.0007320261437717118;0.1558713673974733;0.8113452792167664;0.0;0.7366845;0.16319288;0.04606172;0.9539383
flor_20260516_104902_708700.jpg;sin_flores;severa;0.6928176647459541;0;follaje_blanco;clip_sick_prob;0.7744084805337275;0.0;1.0;0.0;0.004587155942260753;0.0002518438568042482;0.151169317111732;0.816243052482605;0.0;0.74643373;0.13011737;0.14291133;0.8570887
flor_20260516_104915_211405.jpg;sin_flores;severa;0.7786711164101261;0;follaje_blanco;clip_sick_prob;0.7916272562703238;0.0;1.0;1.0;0.0;0.0005308673687724828;0.16573459714854338;0.8114693760871887;1.0;0.7437433;0.14455785;0.060755383;0.9392446
flor_20260516_104925_718393.jpg;sin_flores;severa;0.7089502385623878;0;follaje_blanco;clip_sick_prob;0.8106254064459665;0.0;1.0;0.0;0.0;0.00030671486471011686;0.17477984890372447;0.8198725581169128;0.0;0.75071585;0.14205119;0.1430387;0.85696125
flor_20260516_105000_749918.jpg;sin_flores;severa;0.7892498521110494;0;follaje_blanco;clip_sick_prob;0.8079080278925793;0.0;1.0;1.0;0.004184100400903346;0.0005578800557788518;0.1702318130338187;0.8057588934898376;1.0;0.7543235;0.09778631;0.1705984;0.8294016
flor_20260516_105103_800419.jpg;sin_flores;severa;0.7692610382832044;0;follaje_blanco;clip_sick_prob;0.7801826558502897;0.0;1.0;1.0;0.005910800641638473;0.0009482567879361755;0.16620235531428376;0.7825981974601746;0.8764302059496567;0.7311706;0.052891746;0.19174679;0.8082532
flor_20260516_105202_346723.jpg;sin_flores;severa;0.7568813921524351;0;follaje_blanco;clip_sick_prob;0.753433678675012;0.0;1.0;1.0;0.005102040811120367;0.0006002400960360134;0.14961823792984144;0.7942245006561279;0.9036697247706422;0.72679937;0.203141;0.096585564;0.9034145
flor_20260516_105216_858987.jpg;sin_flores;severa;0.7476291650779097;0;follaje_blanco;clip_sick_prob;0.7411252804714064;0.0;1.0;1.0;0.002677376169559989;0.0008242118801983772;0.1485251590428846;0.7915346622467041;0.9496951219512195;0.71553636;0.16288187;0.16275318;0.83724684
flor_20260516_105255_893305.jpg;sin_flores;severa;0.7751659043170085;0;follaje_blanco;clip_sick_prob;0.7766230795624531;0.0;1.0;1.0;0.00424757281295657;0.0016086046068874724;0.1501092025175545;0.7933906316757202;0.8932584269662922;0.75023866;0.36716968;0.06437216;0.9356278
flor_20260516_105310_901252.jpg;sin_flores;severa;0.767533081287735;0;follaje_blanco;clip_sick_prob;0.7667976419493393;0.0;1.0;1.0;0.005742411808250687;0.000913638630182523;0.14969083754077062;0.7984886169433594;1.0;0.740605;0.16090803;0.1554397;0.8445603
flor_20260516_105322_411187.jpg;enferma;severa;0.7793962108482428;0;follaje_blanco;clip_sick_prob;0.7950606687340908;0.0;1.0;1.0;0.006319115318863257;0.0007991822321320844;0.16945175688626235;0.7883300185203552;0.8974820143884892;0.7420566;0.17451742;0.45368445;0.54631555
flor_20260516_105441_980135.jpg;enferma;severa;0.7498040557977115;0;follaje_blanco;clip_sick_prob;0.7869172918489958;0.0;1.0;1.0;0.03550913836265841;0.0007638355603322299;0.17738392410497333;0.7845495939254761;0.8578199052132701;0.77117646;0.0424905;0.7959553;0.20404464
flor_20260516_105451_478314.jpg;sin_flores;severa;0.7525205897743512;0;follaje_blanco;clip_sick_prob;0.7648078497415047;0.0;1.0;0.919143771118054;0.04050538831642312;0.000660152578310184;0.16247368420197505;0.7872952818870544;0.6837837837837838;0.72044575;0.08486218;0.342106;0.65789396
flor_20260516_105501_494898.jpg;enferma;severa;0.5475679355767171;0;follaje_blanco;pct_brown_lesions;0.5963023014135164;0.0;1.0;1.0;0.047246083868811;0.0009848507366554857;0.1658978397746457;0.7862987518310547;0.759090909090909;0.73472965;0.013331068;0.9566291;0.04337086
flor_20260516_105513_000659.jpg;enferma;severa;0.7037181716407106;0;follaje_blanco;clip_sick_prob;0.740605245343041;0.0;1.0;1.0;0.041026766116492586;0.001150315325778291;0.165825109010453;0.7854141592979431;0.7903225806451613;0.7792013;0.034510635;0.8515877;0.14841227
flor_20260516_105523_515385.jpg;enferma;severa;0.8192457644813276;0;follaje_blanco;clip_sick_prob;0.8478917550725285;0.0;1.0;1.0;0.03498727734627072;0.001058557434847529;0.17389277388119262;0.7786282896995544;0.7363374880153404;0.7907555;0.20571911;0.61476356;0.38523644
flor_20260516_105534_517717.jpg;sin_flores;severa;0.8246922794599273;0;follaje_blanco;clip_sick_prob;0.914720469347397;0.0;0.9990956854834528;0.8640483469402946;0.047751345711451405;0.0012011889319011666;0.24206583873828333;0.7586225867271423;0.6560165975103734;0.7638381;0.20851775;0.050390657;0.9496094
flor_20260516_105546_529690.jpg;sin_flores;severa;0.6588168606143296;1;follaje_blanco;clip_sick_prob;0.6426668863061995;0.017500941709209447;1.0;1.0;0.05708937760547994;0.0010294805802508016;0.1702137376612069;0.7733039259910583;0.7982885085574571;0.30514798;0.34187126;0.0003067419;0.9996933
flor_20260516_105558_037970.jpg;sin_flores;severa;0.6162932777340211;1;follaje_blanco;clip_sick_prob;0.6085245504322235;0.5288344564020266;1.0;0.0;0.22535210950208298;0.0011046672189392616;0.14510289633455112;0.7781765460968018;0.0;0.23854648;0.6737126;0.000115645096;0.99988437
flor_20260516_105607_048122.jpg;revisar;moderada;0.35384617428984594;0;follaje_blanco;pct_brown_lesions;0.407730297901609;0.0;1.0;0.32589881925175757;0.028215377374038234;0.0003909581702416371;0.13256136541025504;0.7895216345787048;0.3847980997624703;0.6040352;0.009650846;0.8126778;0.18732221
flor_20260516_105618_055801.jpg;sin_flores;severa;0.624102023029055;0;follaje_blanco;clip_sick_prob;0.6142184101137294;0.0;1.0;0.6312854970496738;0.05124781759769458;0.0010145251486643773;0.13474324514537112;0.7754520177841187;0.5387079551521623;0.602962;0.09043726;0.113780424;0.88621956
flor_20260516_105629_571945.jpg;enferma;severa;0.7085622662665194;0;follaje_blanco;clip_sick_prob;0.716185895388934;0.0;1.0;0.6847898925583727;0.05127566894196942;0.0008707004892805394;0.1373065525098909;0.7838541269302368;0.565673289183223;0.70545596;0.056353886;0.62307054;0.3769295
flor_20260516_105638_570759.jpg;sin_flores;severa;0.6993090686554277;0;follaje_blanco;clip_sick_prob;0.7002812336822588;0.0;1.0;0.7126519406567876;0.04650047937895486;0.0007005934364792982;0.13502369375746054;0.7827701568603516;0.5797153024911033;0.6921338;0.07100821;0.39145362;0.6085463
flor_20260516_105648_081555.jpg;enferma;severa;0.7015772347415719;0;follaje_blanco;clip_sick_prob;0.7072658138655177;0.0;1.0;0.7099484141819324;0.04154053144272779;0.0006892094207338668;0.13959033933723078;0.7796246409416199;0.5783527696793003;0.6945529;0.051939588;0.48890108;0.5110989
flor_20260516_105657_080565.jpg;enferma;severa;0.7132305783672204;0;follaje_blanco;clip_sick_prob;0.7215058632277167;0.0;1.0;0.6778509289150216;0.04319510897884169;0.0007474122025201721;0.13552771023405474;0.7819682955741882;0.5621761658031088;0.7135098;0.06922425;0.47038642;0.5296136
flor_20260516_105705_591254.jpg;enferma;severa;0.7095490112069149;0;follaje_blanco;clip_sick_prob;0.7079778936970391;0.047772219522864846;1.0;0.6573761446172567;0.0670506411576776;0.00031621429271543007;0.12817006463648867;0.7806150317192078;0.551857211770381;0.7098422;0.067545734;0.46191216;0.5380878
flor_20260516_105715_097855.jpg;sin_flores;severa;0.6257036444093733;0;follaje_blanco;clip_sick_prob;0.604341573547782;0.0;1.0;0.7995875383666436;0.010723337880537465;0.0009748488984199995;0.14202642057126436;0.7787613272666931;0.6235294117647059;0.52214354;0.2372596;0.0746187;0.92538124
flor_20260516_105724_109956.jpg;sin_flores;severa;0.5994468899705452;1;follaje_blanco;clip_sick_prob;0.6290820597297019;0.27814054157735507;1.0;0.0;0.1428571394557824;0.0009337068159725764;0.16022243460942642;0.7773326635360718;0.0;0.15440913;0.76484805;3,26E+02;0.99996746
flor_20260516_105733_114926.jpg;sin_flores;severa;0.5943299030921234;1;follaje_blanco;clip_sick_prob;0.634378278996755;0.2057857957249236;1.0;0.0;0.119047616213152;0.001027077497569834;0.1641176725374066;0.7787720561027527;0.0;0.15220866;0.7598521;5,72E+01;0.9999428
flor_20260516_105800_638347.jpg;sin_flores;severa;0.5777746799727466;1;follaje_blanco;clip_sick_prob;0.6412267178973063;0.012839808928950702;1.0;0.0;0.05555555493827161;0.0007843137254560211;0.16915452951174506;0.7693576216697693;0.0;0.21939947;0.29963127;6,12E+01;0.99993885
flor_20260516_105819_649592.jpg;sin_flores;severa;0.6892157397099388;1;tallos_rotos;clip_sick_prob;0.75;0.16444023320574153;0.7378523950719211;0.8890254601675162;0.10544217651210144;0.0012404961984628453;0.32303545507743775;0.7438863515853882;0.6686046511627907;0.18038358;0.05841048;4,21E+01;0.9999579
flor_20260516_105827_659591.jpg;sin_flores;severa;0.7128483330037891;1;tallos_rotos;clip_sick_prob;0.75;0.3184393966626682;0.7286340202370479;1.0;0.15611814280118927;0.0011582692148397738;0.31870412926690606;0.7433663606643677;0.7391304347826086;0.17922094;0.055543475;4,28E+01;0.9999572
flor_20260516_105836_163661.jpg;sin_flores;severa;0.7105269538753357;1;tallos_rotos;clip_sick_prob;0.75;0.31233560224610696;0.7041911675685144;1.0;0.15410958851332332;0.001074402363670771;0.3570709027232026;0.7419875860214233;0.774390243902439;0.18546732;0.07755518;8,31E+01;0.9999169
flor_20260516_105844_671108.jpg;sin_flores;severa;0.6068021158638057;1;tallos_rotos;clip_sick_prob;0.6682116985321045;0.2357865519680959;0.7347468467409156;0.9992141404459706;0.12891986017797957;0.0010384641661400772;0.3463513017650943;0.7437111735343933;0.7241379310344828;0.176346;0.03522452;0.00013809084;0.99986184
flor_20260516_105853_184897.jpg;sin_flores;severa;0.6941020146161566;1;tallos_rotos;clip_sick_prob;0.75;0.1740797901200001;0.7933718644178527;0.8894749146747234;0.10861423180294295;0.0009693765146365665;0.325881497607608;0.7470180988311768;0.6688311688311688;0.18592218;0.06137666;0.0001337484;0.99986625
flor_20260516_105910_690654.jpg;sin_flores;severa;0.704447742723153;1;tallos_rotos;clip_sick_prob;0.75;0.3270741081262508;0.7426306494280991;0.8719521816203998;0.1589595371128337;0.0012807435112628274;0.3017203673785012;0.7441558837890625;0.66;0.20346823;0.07913954;6,48E+01;0.99993515
flor_20260516_110016_243077.jpg;sin_flores;severa;0.6850045126933839;1;tallos_rotos;clip_sick_prob;0.75;0.1104090907609429;0.8044626555992865;0.8456400725551314;0.08766233737771968;0.0013750954927250435;0.3063253011740637;0.7476437091827393;0.6467391304347826;0.17426585;0.106489524;8,05E+00;0.99991953
flor_20260516_110025_756819.jpg;sin_flores;severa;0.6867141122749348;1;tallos_rotos;clip_sick_prob;0.75;0.184578377346535;0.6704020831926845;0.8916014599483065;0.11206896519520412;0.001408609420763933;0.3466891133168699;0.7400816082954407;0.6699029126213593;0.17792094;0.05753851;3,97E+01;0.9999603
flor_20260516_110058_781330.jpg;sin_flores;severa;0.6756573750199477;1;botrytis;clip_sick_prob;0.75;0.19399767032356954;0.6853560539243587;0.7285334036494583;0.11516853900233556;0.0013328927076301732;0.34229411090758693;0.740925133228302;0.5877192982456141;0.17612593;0.12205224;3,63E+01;0.99996364
flor_20260516_110131_303547.jpg;sin_flores;severa;0.679515309018675;1;tallos_rotos;clip_sick_prob;0.75;0.11871483614162784;0.6286288126347934;0.920497457489346;0.09039547997063424;0.0014622798271689125;0.31231193576826577;0.7377252578735352;0.6844660194174758;0.19189093;0.3465158;6,80E+01;0.99993205
flor_20260516_110147_820699.jpg;sin_flores;severa;0.7052598699971714;1;tallos_rotos;clip_sick_prob;0.75;0.352562575915342;0.7078799968381777;0.8806500088254468;0.16734693809246148;0.0012164865946183835;0.3289105514641294;0.7421956658363342;0.6643835616438356;0.15385547;0.50521547;0.001043996;0.99895597
flor_20260516_110202_831876.jpg;sin_flores;severa;0.6953902776269674;1;tallos_rotos;clip_sick_prob;0.75;0.21460955275159166;0.6275615775839886;1.0;0.12195121908727799;0.0009701441552098089;0.32220783099310474;0.737665057182312;0.7317073170731707;0.18849011;0.21538554;0.00024773568;0.9997522
flor_20260516_110212_338042.jpg;sin_flores;severa;0.6881579621900632;1;tallos_rotos;clip_sick_prob;0.75;0.2225226663096693;0.5552336845220633;0.9629915715202861;0.12455515969909196;0.0012281069011062997;0.35918565192833873;0.7335851788520813;0.7058823529411764;0.15418355;0.59926575;0.00022780275;0.99977225
flor_20260516_110220_851184.jpg;sin_flores;severa;0.6765924877609197;1;tallos_rotos;clip_sick_prob;0.75;0.2094493347049298;0.46104120960741063;0.9171832212122376;0.12025316417641403;0.0012161826755867937;0.3190417690025747;0.7282719612121582;0.6827956989247312;0.1546126;0.44430953;0.00014375866;0.99985623
flor_20260516_110229_351453.jpg;sin_flores;severa;0.6769986257438407;1;tallos_rotos;clip_sick_prob;0.75;0.20206969839648284;0.4989925106813796;0.8982771029445861;0.1178247730579312;0.001018896984763712;0.3128498417725907;0.7304127216339111;0.6732673267326732;0.14191946;0.4779444;0.00017617711;0.99982387
flor_20260516_110239_365414.jpg;sin_flores;severa;0.6858360458260366;1;tallos_rotos;clip_sick_prob;0.75;0.20867999311953522;0.5382910639234438;0.9660957514814116;0.11999999963076924;0.0012911010557913594;0.29808279395554;0.7326294779777527;0.7074468085106382;0.14448646;0.23366466;0.0004137018;0.9995863
flor_20260516_110253_877242.jpg;sin_flores;severa;0.6794693393216023;1;tallos_rotos;clip_sick_prob;0.75;0.2313227728052732;0.37624357314494233;1.0;0.12745097997565039;0.0011405869537211256;0.3808301717941497;0.7234886884689331;0.7790697674418605;0.16215816;0.3088244;8,00E+02;0.99992
flor_20260516_110320_387781.jpg;sin_flores;severa;0.6696433985432485;1;tallos_rotos;clip_sick_prob;0.75;0.35299028827732426;0.06206225420838627;1.0;0.16748768390400157;0.0010238578189698858;0.43829492018513105;0.7057663202285767;1.0;0.1578126;0.1929697;0.00025765784;0.9997423
flor_20260516_110344_415424.jpg;sin_flores;severa;0.7038592998820974;1;tallos_rotos;clip_sick_prob;0.75;0.4809866100197754;0.3680089565598705;1.0;0.20960698598424898;0.0010617347375449656;0.3133408071553724;0.7230241894721985;1.0;0.14718424;0.32051882;0.00019496049;0.99980503
flor_20260516_110400_427641.jpg;sin_flores;severa;0.609549793286269;1;botrytis;clip_sick_prob;0.75;0.41495679841378535;0.25791573605659185;0.0;0.18787878674012856;0.0007843137254715552;0.36082734264340854;0.7168140411376953;0.0;0.18240546;0.26714894;0.0003719371;0.99962807
flor_20260516_110451_974515.jpg;sin_flores;severa;0.6729833506522194;1;tallos_rotos;clip_sick_prob;0.75;0.2966141025601634;0.190313263932488;1.0;0.14893616957899503;0.001001251564438861;0.3683522231641709;0.7130007147789001;1.0;0.15906802;0.34078893;0.000163251;0.9998367
flor_20260516_110509_986361.jpg;sin_flores;severa;0.6551397948995262;1;follaje_blanco;clip_sick_prob;0.75;0.3750818590429005;0.9661656724901025;0.0;0.17475727985672546;0.00026651437272923986;0.3822907488649964;0.7567650675773621;0.0;0.16447967;0.05474443;0.00044352107;0.9995565
flor_20260516_110519_992700.jpg;sin_flores;severa;0.6673694037274993;1;follaje_blanco;clip_sick_prob;0.75;0.47369391806570404;1.0;0.0;0.20720720534047563;0.00024730612965033363;0.399666348871968;0.759308397769928;0.0;0.18534958;0.1491897;0.00026919565;0.99973077
flor_20260516_110528_498800.jpg;sin_flores;severa;0.6451287358545912;1;follaje_blanco;clip_sick_prob;0.75;0.251287239336623;1.0;0.0;0.13402061717504518;0.00040428542549406565;0.38230209040801055;0.767795205116272;0.0;0.18031041;0.4367473;0.00017570537;0.99982435
flor_20260516_110537_004231.jpg;sin_flores;severa;0.6278889074900251;1;botrytis;clip_sick_prob;0.75;0.2781405474838649;0.7153548688672805;0.0;0.14285714139941694;0.0002801120448067182;0.4537664049587244;0.7426173090934753;0.0;0.18885443;0.40183815;4,81E+02;0.99995196
flor_20260516_110548_518908.jpg;sin_flores;severa;0.6570173573057271;1;follaje_blanco;clip_sick_prob;0.75;0.3746135444695091;0.9936570133978164;0.0;0.17460317321743513;0.00040460628694663535;0.39647369965345436;0.7583158016204834;0.0;0.1665347;0.5189838;5,15E+02;0.9999485
flor_20260516_110611_533065.jpg;sin_flores;severa;0.6425706990141062;1;follaje_blanco;clip_sick_prob;0.5937792263687773;0.09427436910432509;1.0;1.0;0.08235294093425606;0.00021914648211973306;0.15032247392916775;0.7674894332885742;1.0;0.17521165;0.5443927;2,21E+01;0.99997795
flor_20260516_110623_544231.jpg;sin_flores;severa;0.615163847763127;1;tallos_rotos;clip_sick_prob;0.5720263863030811;0.09594154959512452;0.9600222026035881;1.0;0.08290155418937421;0.0001422330590252745;0.1934338952629221;0.7564185261726379;0.8076923076923077;0.13999927;0.6110244;6,92E+01;0.99993086
flor_20260516_110633_554749.jpg;sin_flores;severa;0.6554822082639169;1;follaje_blanco;clip_sick_prob;0.6474337085659463;0.10366486231904044;1.0;1.0;0.08544303770429419;0.0001737403822266848;0.22467986026531184;0.7649586796760559;1.0;0.15089157;0.37251145;0.00044597575;0.999554
flor_20260516_110704_577258.jpg;sin_flores;severa;0.6428878693950941;1;follaje_blanco;clip_sick_prob;0.5875262153531385;0.14790200543431428;1.0;1.0;0.09999999972222222;0.00020697167755765828;0.15508021388191948;0.7870442867279053;1.0;0.1649783;0.47017497;5,51E+01;0.9999449
flor_20260516_110735_602776.jpg;sin_flores;severa;0.6444291099670683;1;follaje_blanco;clip_sick_prob;0.5833995919620694;0.16618764643304854;1.0;1.0;0.10601719167330317;0.00021349514017401548;0.14703172302921788;0.7978411912918091;0.7467532467532467;0.15644592;0.27007207;4,61E+02;0.99995387
flor_20260516_110749_613815.jpg;sin_flores;severa;0.642563624408296;1;follaje_blanco;clip_sick_prob;0.5872723911989362;0.11431848120365636;1.0;1.0;0.08894878682224047;0.00022197558268355824;0.14336261589270832;0.8017170429229736;1.0;0.16321029;0.30211878;5,48E+02;0.99994516
flor_20260516_110800_123448.jpg;sin_flores;severa;0.653670408872491;1;follaje_blanco;clip_sick_prob;0.6167387348205979;0.1267003818399211;1.0;1.0;0.09302325557358332;0.00021279829761146275;0.1720873786198923;0.7990248799324036;0.7945205479452055;0.16130455;0.45888624;2,83E+01;0.9999716
flor_20260516_110808_631572.jpg;sin_flores;severa;0.6728779185028875;1;follaje_blanco;clip_sick_prob;0.6391109245927088;0.1723353674487512;1.0;1.0;0.10804020073356733;0.0002463296876515289;0.16759841600656902;0.8032216429710388;0.7987012987012987;0.15437965;0.42352277;7,32E+01;0.9999268
flor_20260516_110816_633389.jpg;sin_flores;severa;0.6328819347013575;1;follaje_blanco;clip_sick_prob;0.5891417396942306;0.14703622211081815;1.0;1.0;0.09971509943101112;0.00015641584268860493;0.19512195119826634;0.8005849719047546;1.0;0.16373521;0.2458813;4,72E+02;0.9999528
flor_20260516_110857_167768.jpg;sin_flores;moderada;0.6253272426779157;1;follaje_blanco;clip_sick_prob;0.5344746673675088;0.15241522244303463;1.0;0.9722060846680481;0.10148514826365063;0.0002329644729156187;0.09608593288756828;0.8071983456611633;0.7105263157894737;0.15553875;0.33923137;7,37E+01;0.9999263
flor_20260516_110914_187595.jpg;sin_flores;severa;0.6493610218423977;1;follaje_blanco;clip_sick_prob;0.6038708155269159;0.1047019651755125;1.0;0.9667810899143876;0.08578431351523452;0.00026912725874404916;0.14168018972142302;0.8000847697257996;0.7077922077922079;0.1546938;0.39588842;6,58E+02;0.9999342
flor_20260516_110928_694957.jpg;sin_flores;severa;0.6365362646579817;1;follaje_blanco;clip_sick_prob;0.5836106143293047;0.11966444488926893;1.0;0.9722060846680481;0.09070796440108858;0.00020822488287169683;0.15123726344232352;0.7917542457580566;0.7105263157894737;0.14641935;0.34902033;5,74E+02;0.99994266
flor_20260516_111001_220619.jpg;sin_flores;severa;0.6373158659774529;1;follaje_blanco;clip_sick_prob;0.5635584538209171;0.11892472528157176;1.0;1.0;0.0904645474560769;0.00044105661824209164;0.11203144740811014;0.802761435508728;0.7378048780487805;0.16084893;0.28317702;0.00010766778;0.99989235
flor_20260516_111014_733454.jpg;sin_flores;severa;0.641513111387412;1;follaje_blanco;clip_sick_prob;0.5723221908712364;0.17763825257634555;1.0;1.0;0.10978520260194463;0.00021526510365281235;0.13752430328742393;0.7950561046600342;0.7432432432432432;0.16039248;0.39495912;3,24E+02;0.9999676
flor_20260516_111024_744330.jpg;sin_flores;severa;0.6391678108735044;1;follaje_blanco;clip_sick_prob;0.5500608944106632;0.19171222563929538;1.0;0.9996527328047573;0.11441647571071745;0.0002602413963273636;0.1021043271929306;0.7989223003387451;0.7243589743589743;0.17221145;0.49986887;2,93E+02;0.9999707
flor_20260516_111040_257934.jpg;sin_flores;severa;0.6443787495598112;1;follaje_blanco;clip_sick_prob;0.5633243674072551;0.1904899067598014;1.0;1.0;0.11401425151065499;0.00027013180568888145;0.1118592826560589;0.7959429621696472;0.7530864197530864;0.15681645;0.46077842;4,49E+01;0.99995506
flor_20260516_111126_291757.jpg;sin_flores;severa;0.6460120371622693;1;follaje_blanco;clip_sick_prob;0.5827355910556594;0.16185613535712212;1.0;0.9591521910420523;0.10459183646787797;0.0003001200480162053;0.12613575626321008;0.7928007245063782;0.7039473684210527;0.15909687;0.404518;5,94E+02;0.99994063
flor_20260516_111135_803790.jpg;sin_flores;severa;0.6356696789602254;1;follaje_blanco;clip_sick_prob;0.5666237959953309;0.14790200551872817;1.0;0.9402965669156137;0.09999999975;0.00023529411764475203;0.11794042322173602;0.795907199382782;0.6944444444444444;0.16717206;0.32877773;7,09E+00;0.9999291
flor_20260516_111144_808455.jpg;sin_flores;moderada;0.6315192485077106;1;follaje_blanco;clip_sick_prob;0.5468106825230638;0.12794963577556054;1.0;1.0;0.09343434319839812;0.0002673796791417372;0.09971387695283063;0.7975157499313354;0.7283950617283951;0.16985492;0.3847726;5,82E+01;0.9999418
flor_20260516_111153_819679.jpg;sin_flores;severa;0.6358907145053583;1;follaje_blanco;clip_sick_prob;0.5616617654132211;0.13449509645696922;1.0;0.9722060846680481;0.09558823505983276;0.00024990388311947425;0.11063648012094027;0.7935157418251038;0.7105263157894737;0.16747682;0.33838624;5,02E+02;0.9999498
flor_20260516_111204_324526.jpg;sin_flores;severa;0.6406583442755611;1;follaje_blanco;clip_sick_prob;0.5639218321172264;0.1508959950774156;1.0;1.0;0.10098522142614477;0.0002801120448152216;0.11229870313349027;0.7908725738525391;0.725;0.1665342;0.37115312;6,52E+01;0.9999348
flor_20260516_111214_833001.jpg;sin_flores;severa;0.6373213210272806;1;follaje_blanco;clip_sick_prob;0.5545189026920803;0.15513748029519459;1.0;1.0;0.10238095213718822;0.0002801120448153118;0.10538308172808557;0.7904180884361267;0.725;0.17034398;0.34803334;6,56E+00;0.99993443
flor_20260516_111225_844227.jpg;sin_flores;moderada;0.6316189030818578;1;follaje_blanco;clip_sick_prob;0.5477502264618841;0.1435189775803736;1.0;0.988523451700543;0.09855769207077478;0.00023567119155132289;0.10376958914248628;0.7898333668708801;0.71875;0.17241071;0.35480455;7,03E+01;0.9999298
flor_20260516_111235_352670.jpg;sin_flores;moderada;0.6228436659190109;1;follaje_blanco;clip_sick_prob;0.5357075589262392;0.11896010659374942;1.0;1.0;0.09047619026077097;0.00022408963585224942;0.10381325212355905;0.7886156439781189;0.7397260273972602;0.16962461;0.3898641;8,78E+02;0.99991226
flor_20260516_111244_857146.jpg;sin_flores;moderada;0.6239362701154207;1;follaje_blanco;clip_sick_prob;0.5335595962941968;0.1273593290336927;1.0;0.9722060846680481;0.09324009302275037;0.00028337675396239887;0.08996803165017993;0.7919108271598816;0.7105263157894737;0.16635235;0.32877898;5,65E+02;0.9999435
flor_20260516_111255_370698.jpg;sin_flores;moderada;0.6287335040566076;1;follaje_blanco;clip_sick_prob;0.5288038664262806;0.17211945565166353;1.0;1.0;0.1079691513933955;0.00035284036493419185;0.08647031027146475;0.7957338690757751;0.7283950617283951;0.16066529;0.5765215;0.00034306376;0.9996569
flor_20260516_111304_377677.jpg;sin_flores;severa;0.654534584305847;1;follaje_blanco;clip_sick_prob;0.5619345155475219;0.30239353864737345;1.0;0.9940176537646487;0.1508379884054805;0.0003286230693358679;0.11083708108068517;0.7921128869056702;0.7215189873417721;0.16627805;0.5064837;8,01E+01;0.9999199
flor_20260516_111312_380125.jpg;sin_flores;severa;0.6682742620077687;1;tallos_rotos;clip_sick_prob;0.75;0.0;0.7484613454779421;0.8235244487922982;0.02217529036729114;0.002020829451096255;0.3709974235607292;0.7444847822189331;0.635593220338983;0.23812139;0.51817757;0.0010866191;0.9989134
flor_20260516_111320_889157.jpg;sin_flores;severa;0.6464886803923493;1;tallos_rotos;clip_sick_prob;0.75;0.0;0.23555240673457717;1.0;0.0;0.0009884612281086563;0.4627390325883901;0.715552568435669;0.729381443298969;0.14389418;0.4470779;0.0062376168;0.99376243
flor_20260516_111330_395475.jpg;sin_flores;severa;0.631821658522454;1;tallos_rotos;clip_sick_prob;0.75;0.0;0.026023522878929027;1.0;0.007616974964508188;0.0015148605688130113;0.49978690147751287;0.7037334442138672;0.8186813186813187;0.14274625;0.6855614;0.0019408265;0.9980592
flor_20260516_111430_948307.jpg;sin_flores;severa;0.6300000119209289;1;tallos_rotos;clip_sick_prob;0.75;0.0;0.0;1.0;0.010550996470631891;0.0013838126106181926;0.47767995852121387;0.6994099020957947;0.8244047619047619;0.13244596;0.51405704;0.0007532685;0.9992467
flor_20260516_111454_970707.jpg;sin_flores;severa;0.6300000119209289;1;tallos_rotos;clip_sick_prob;0.75;0.0;0.0;1.0;0.014749262493365008;0.001098964659597444;0.5022984027656955;0.683812141418457;1.0;0.12503982;0.6058214;0.0012457757;0.99875426
flor_20260516_111502_974157.jpg;sin_flores;severa;0.6300000119209289;1;tallos_rotos;clip_sick_prob;0.75;0.0;0.0;1.0;0.009900990049995098;0.0008736167734250899;0.4383129377019693;0.6985478401184082;1.0;0.10263968;0.61724365;0.0021078174;0.9978922
flor_20260516_111512_476472.jpg;sin_flores;severa;0.6442509632245869;1;tallos_rotos;clip_sick_prob;0.75;0.0;0.20358501862368553;1.0;0.005645161285770031;0.0013535736875352512;0.3277441659180861;0.713749349117279;0.7547169811320755;0.21242675;0.83149904;0.016985916;0.9830141
flor_20260516_111524_493321.jpg;sin_flores;severa;0.6318130044085272;1;tallos_rotos;clip_sick_prob;0.75;0.0;0.0258998926799744;1.0;0.002631578943905817;0.0012796697626352958;0.35760777281788436;0.7037264704704285;0.8227848101265822;0.18926771;0.56853604;0.012772421;0.98722756
flor_20260516_111535_005313.jpg;sin_flores;severa;0.6728543630552395;1;tallos_rotos;clip_sick_prob;0.75;0.0;0.6122050162044365;1.0;0.003491620109293561;0.0013802168912219843;0.34141459072201846;0.7367988228797913;0.756578947368421;0.18666446;0.60225904;0.011708714;0.9882913
flor_20260516_111545_508102.jpg;sin_flores;severa;0.6362522815222695;1;tallos_rotos;clip_sick_prob;0.75;0.0;0.20389145245015428;0.8997483491228727;0.002865329510157278;0.0012772253122786776;0.4212183086250452;0.7137666344642639;0.6740088105726872;0.13280094;0.7782141;0.053165868;0.94683415
flor_20260516_111557_520101.jpg;sin_flores;severa;0.6382287354665173;1;tallos_rotos;clip_sick_prob;0.75;0.0;0.11755319350840523;1.0;0.013368983921473305;0.0010904896717931164;0.39372086244218235;0.7088964581489563;1.0;0.17800719;0.8432654;0.011389187;0.9886108
flor_20260516_111607_525942.jpg;sin_flores;severa;0.5543860869826505;1;botrytis;clip_sick_prob;0.75;0.0;0.0626582151674496;0.0;0.0101010100499949;0.0008714596949718467;0.3962588542468703;0.70579993724823;0.0;0.1567402;0.9394918;0.011911116;0.9880889
flor_20260516_111617_537782.jpg;sin_flores;severa;0.6412174374094852;1;tallos_rotos;clip_sick_prob;0.75;0.0;0.1602489355508039;1.0;0.015337423265836125;0.0011307590520734903;0.3958022931660425;0.7113048434257507;1.0;0.1376955;0.82889557;0.021161154;0.97883886
flor_20260516_111631_048858.jpg;sin_flores;severa;0.6300000119209289;1;tallos_rotos;clip_sick_prob;0.75;0.0;0.0;1.0;0.00616016425839802;0.000885775254653253;0.390647212840206;0.7020792365074158;1.0;0.14808705;0.7468255;0.004676652;0.99532336
flor_20260516_111655_071903.jpg;sin_flores;severa;0.5693541536703421;1;botrytis;clip_sick_prob;0.75;0.0;0.27648773927733133;0.0;0.019531249923706057;0.0015778186274268103;0.3664654984100585;0.7178616523742676;0.0;0.17126286;0.74494034;0.03400619;0.9659938
flor_20260516_111711_080683.jpg;sin_flores;severa;0.6474523196764405;1;tallos_rotos;clip_sick_prob;0.75;0.0;0.2493186822215932;1.0;0.018126888162758648;0.0014217167229261098;0.3813660244916731;0.7163290977478027;1.0;0.15848477;0.58601534;0.0040264726;0.9959735
flor_20260516_111720_088272.jpg;sin_flores;severa;0.6343363378154216;1;tallos_rotos;clip_sick_prob;0.75;0.0;0.3123468369843759;0.7809005913198296;0.004344284549458516;0.0011084314257866206;0.38306488721738935;0.7198843955993652;0.6141114982578397;0.17034687;0.46275517;0.003526552;0.9964734
flor_20260516_111728_095644.jpg;sin_flores;severa;0.6462135239495478;1;tallos_rotos;clip_sick_prob;0.75;0.0;0.2316216004088403;1.0;0.008298755152287323;0.0014319420714110822;0.34896551721463864;0.7153308391571045;1.0;0.12621546;0.6210383;0.010573841;0.98942614
flor_20260516_111739_604023.jpg;sin_flores;severa;0.6645025513815689;1;tallos_rotos;clip_sick_prob;0.75;0.0;0.4928934208662847;1.0;0.010663507096370253;0.0017145246724202465;0.3507587358798024;0.7300686836242676;0.7577319587628866;0.15289147;0.29808813;0.006995718;0.99300426
flor_20260516_111749_613009.jpg;sin_flores;severa;0.6630073867754422;1;tallos_rotos;clip_sick_prob;0.75;0.0;0.4715339264930469;1.0;0.011527377505003778;0.0016047917726077594;0.31672811452313054;0.7288638353347778;1.0;0.114223115;0.6238147;0.0021444836;0.9978555
flor_20260516_111759_619797.jpg;sin_flores;severa;0.6569514301630937;1;tallos_rotos;clip_sick_prob;0.75;0.0;0.38502026060235367;1.0;0.004024144861118421;0.0012940387422472558;0.35140460147760233;0.7239837646484375;1.0;0.13591647;0.7951583;0.0036692023;0.9963308
flor_20260516_111811_129532.jpg;sin_flores;severa;0.6563097682971518;1;tallos_rotos;clip_sick_prob;0.75;0.0;0.37585366251747004;1.0;0.010043041592477701;0.001479731060278056;0.3321698247376998;0.723466694355011;0.7955974842767295;0.11479485;0.7968649;0.0024913754;0.99750865
flor_20260516_111824_644222.jpg;sin_flores;severa;0.6898392081218097;1;tallos_rotos;clip_sick_prob;0.75;0.0;0.8548456600125819;1.0;0.005246589711178815;0.001506079871606666;0.25092382033464156;0.7504857182502747;0.7824858757062148;0.22210616;0.946974;0.0004955728;0.99950445
flor_20260516_111835_647932.jpg;sin_flores;severa;0.6644724850415709;1;follaje_blanco;clip_sick_prob;0.75;0.4447247312064183;1.0;0.0;0.19767441630611143;0.0005015959872092296;0.3891885899944876;0.7590607404708862;0.0;0.2304223;0.6177203;0.0002585531;0.9997415
flor_20260516_111845_660184.jpg;sin_flores;severa;0.6591825968904768;1;follaje_blanco;clip_sick_prob;0.6977348599030176;0.0;1.0;0.8817708628467157;0.029368575580956572;0.00019003195991943778;0.25593549348544603;0.7829664349555969;0.6649484536082474;0.2229896;0.6761836;0.002835926;0.9971641
flor_20260516_111954_713883.jpg;sin_flores;severa;0.6711676335062069;1;follaje_blanco;clip_sick_prob;0.6722931614846206;0.18049919589021482;1.0;0.8025054675301015;0.11072664321547875;0.0004070832485187994;0.19200312834177308;0.7870940566062927;0.625;0.24852876;0.5835394;0.00015183468;0.9998481
flor_20260516_112005_229262.jpg;sin_flores;severa;0.6893054396561249;1;follaje_blanco;clip_sick_prob;0.6745959604294521;0.2336145517409865;1.0;0.9513198548664547;0.12820512765724304;0.00045248868777522227;0.19369677985771783;0.7889342904090881;0.7;0.2519098;0.5180004;0.00015830726;0.9998417
flor_20260516_112020_735920.jpg;sin_flores;severa;0.6989824685221016;1;follaje_blanco;clip_sick_prob;0.7149907698744998;0.21642620656819542;1.0;0.8917940999319135;0.12254901900711265;0.00040369088811219355;0.22340616043844858;0.784183919429779;0.67;0.2514318;0.5723736;0.00027703817;0.9997229
flor_20260516_112033_249763.jpg;sin_flores;severa;0.6590125820346258;1;follaje_blanco;clip_sick_prob;0.6586925286811277;0.14468055709076558;1.0;0.7633437866521139;0.09893992897901085;0.0003325711910159694;0.1820002002020222;0.786415159702301;0.6052631578947368;0.18116166;0.5325168;0.00036687026;0.9996331
flor_20260516_112048_758960.jpg;sin_flores;severa;0.667328306705177;1;follaje_blanco;clip_sick_prob;0.6441335883328212;0.19273822576363253;1.0;0.8800129609344521;0.1147540979844128;0.00034715525554037736;0.17129246062849082;0.7905623316764832;0.6640625;0.24566063;0.61400986;0.00024070322;0.99975926
flor_20260516_112059_267633.jpg;sin_flores;severa;0.6466955771044898;1;follaje_blanco;clip_sick_prob;0.6189177096579785;0.15936955018546797;1.0;0.7898940787727835;0.10377358457932835;0.0003822912812876768;0.1527468072012217;0.7948857545852661;0.6186440677966102;0.24474308;0.6894045;0.00021847982;0.99978155
flor_20260516_112222_836227.jpg;sin_flores;severa;0.6811210744247864;1;follaje_blanco;clip_sick_prob;0.68499411406861;0.15901992994546638;1.0;0.8902677985233356;0.10365853626933373;0.00039454806312297293;0.20134436399158795;0.7806752324104309;0.6692307692307693;0.24216695;0.67631847;0.00028732378;0.99971265
flor_20260516_112733_594625.jpg;sin_flores;severa;0.6877969479485035;1;follaje_blanco;clip_sick_prob;0.697658514024025;0.40095013810490165;1.0;0.6079814575934306;0.18326966400398964;0.0004332970331827806;0.21065871608956874;0.7756711840629578;0.5269631031220435;0.448188;0.22544126;0.008702264;0.9912977
flor_20260516_112836_143440.jpg;sin_flores;severa;0.7154642036835146;1;follaje_blanco;clip_sick_prob;0.7455897414793813;0.4791206587298172;1.0;0.6274785125246917;0.2089929639172171;0.00023582872023029483;0.2611766473618471;0.768845796585083;0.5367892976588629;0.4589207;0.18370001;0.012005881;0.9879942
flor_20260516_112909_675142.jpg;sin_flores;severa;0.6766384097696772;1;follaje_blanco;clip_sick_prob;0.669951902287248;0.3746444199829966;1.0;0.6399149366943659;0.1746133333147079;0.000291137254901839;0.19028119026387466;0.7772960662841797;0.5430570505920345;0.44721162;0.21834302;0.012497083;0.9875029
flor_20260516_112920_180452.jpg;sin_flores;severa;0.6778821398370225;1;follaje_blanco;clip_sick_prob;0.6650491521715751;0.3695115117860199;1.0;0.6863914483607683;0.17292426516059597;0.00027175856397042134;0.18667533913894485;0.7802968621253967;0.5664804469273743;0.46165866;0.33408856;0.0067278882;0.9932721
flor_20260516_112929_189192.jpg;sin_flores;severa;0.6837526301032808;1;follaje_blanco;clip_sick_prob;0.6754812179777732;0.38864938714282155;1.0;0.6836899034620053;0.17922189889220586;0.00027344055415020067;0.19434786483067237;0.7763996720314026;0.565118912797282;0.46439898;0.27506277;0.0069236;0.99307644
flor_20260516_112939_199073.jpg;sin_flores;severa;0.7164195821934718;1;follaje_blanco;clip_sick_prob;0.7491163764030325;0.4499316665537376;1.0;0.6494572221918683;0.19938784431576434;0.0002392036832222026;0.2767898561715796;0.7607021927833557;0.5478662053056517;0.46190557;0.1976295;0.008923664;0.99107635
flor_20260516_112950_700777.jpg;sin_flores;severa;0.7027872550397731;1;follaje_blanco;clip_sick_prob;0.723907730925694;0.41625044618979296;1.0;0.6707339110528984;0.18830448289077845;0.00023019416377282137;0.2375383126119101;0.7709670066833496;0.558589306029579;0.46613565;0.20251895;0.008301383;0.9916986
flor_20260516_113001_215095.jpg;sin_flores;severa;0.7010996771330635;1;follaje_blanco;clip_sick_prob;0.7203905954402616;0.45494960069681706;0.9852712932362445;0.6800169668969853;0.2010390783599459;0.0002117133277525117;0.2946441460737228;0.7578427791595459;0.5632678132678133;0.4649501;0.2378552;0.010950153;0.9890498
flor_20260516_113014_225319.jpg;sin_flores;severa;0.6726533843263152;1;follaje_blanco;clip_sick_prob;0.6601617935337817;0.34773185970769876;1.0;0.6726933627637951;0.16575731119972092;0.00024135363442616834;0.18308080806429647;0.7745229005813599;0.5595768374164811;0.45823646;0.18561251;0.010482165;0.98951787
flor_20260516_113026_734745.jpg;sin_flores;severa;0.6780860260547228;1;follaje_blanco;clip_sick_prob;0.670800168068113;0.3670025706244259;1.0;0.6733970949551832;0.17209865666460045;0.0002361922527212905;0.19386931969222287;0.7734266519546509;0.559931506849315;0.4617423;0.20598476;0.012169483;0.98783046
flor_20260516_113036_246520.jpg;sin_flores;severa;0.6675197095364667;1;follaje_blanco;clip_sick_prob;0.6592870150557233;0.3377795482311337;1.0;0.6389391431971065;0.1624823388585499;0.00023484233384681768;0.18643913121131236;0.7750006914138794;0.5425652667423383;0.46534196;0.19840826;0.010351475;0.9896485
flor_20260516_113238_845274.jpg;sin_flores;severa;0.6903662281843381;1;follaje_blanco;clip_sick_prob;0.7320340714086455;0.41481957123546875;0.8507183133705583;0.6264191794842002;0.18783362987234944;0.00022285604633302683;0.34299254192487627;0.750252902507782;0.5362554112554112;0.46346092;0.176345;0.018283134;0.98171693
flor_20260516_113303_872896.jpg;sin_flores;severa;0.6778928722446296;1;follaje_blanco;clip_sick_prob;0.6952478221005101;0.38604503536612483;1.0;0.6517457940847765;0.1783648939586841;0.00018765188352234697;0.2697057604417981;0.762665867805481;0.5490196078431373;0.45226634;0.37611502;0.009904384;0.9900956
flor_20260516_113316_873577.jpg;sin_flores;severa;0.6874521361259847;1;follaje_blanco;clip_sick_prob;0.712017809867828;0.39803338766432;1.0;0.6304762439740865;0.1823098591343876;0.00020370063518356093;0.3141780499046806;0.7587747573852539;0.5383001049317944;0.4510428;0.28989953;0.011499886;0.9885002
flor_20260516_113456_957814.jpg;sin_flores;severa;0.6130604634623325;1;follaje_blanco;clip_sick_prob;0.5771286976431158;0.08708998171172631;1.0;0.6687496789123079;0.07998879969385955;0.0005783160753565691;0.12201202520574687;0.774530291557312;0.5575892857142857;0.44996098;0.3892717;0.003958215;0.9960418
flor_20260516_113507_466014.jpg;sin_flores;severa;0.6099494029879575;1;follaje_blanco;clip_sick_prob;0.5750732644228214;0.08107143857928546;1.0;0.6476617679996421;0.0780082987479937;0.0006252090508861497;0.12050030504568329;0.7770658731460571;0.5469613259668509;0.44989035;0.2795941;0.006106041;0.9938939
flor_20260516_113518_474776.jpg;sin_flores;severa;0.6116977213122254;1;follaje_blanco;clip_sick_prob;0.5806542290454789;0.08038980362247994;1.0;0.6424629676357128;0.07778399551596867;0.0005936118151791283;0.12460496612120316;0.776246190071106;0.5443412162162162;0.4281146;0.28946662;0.005767356;0.9942326
flor_20260516_113528_981059.jpg;sin_flores;severa;0.6078230638911231;1;follaje_blanco;clip_sick_prob;0.5731130369474087;0.07029215297557714;1.0;0.6443577736709108;0.0744611969221662;0.0006260870826915122;0.11905860634993715;0.7785894870758057;0.5452961672473867;0.4342114;0.24822937;0.0044002985;0.9955996
flor_20260516_113607_512266.jpg;sin_flores;severa;0.6041243538962933;1;follaje_blanco;clip_sick_prob;0.5555743172801488;0.11285181373079096;1.0;0.6326179211278209;0.08846615568487708;0.0006308405715224983;0.10615931298398588;0.7789562344551086;0.5393794749403341;0.44456875;0.31750354;0.006538837;0.99346113
flor_20260516_113620_022060.jpg;sin_flores;severa;0.6071513377280504;1;follaje_blanco;clip_sick_prob;0.5685990010870404;0.08277052281160337;1.0;0.6429334136393133;0.07856741045578779;0.0006048172128402861;0.11573864491991268;0.7805444002151489;0.5445783132530121;0.43878764;0.27610382;0.005761213;0.99423873
flor_20260516_113632_533845.jpg;sin_flores;severa;0.6212846602908133;1;follaje_blanco;clip_sick_prob;0.6004649467655467;0.07352576317861584;1.0;0.6718261668225511;0.07552526972595823;0.0006005203519982332;0.1391752577108588;0.7758029699325562;0.5591397849462365;0.43795505;0.31208003;0.0075072837;0.99249274
flor_20260516_113644_040777.jpg;sin_flores;severa;0.6131473855045857;1;follaje_blanco;clip_sick_prob;0.5856854283543386;0.06936865102408488;1.0;0.6492042142439087;0.07415730336384295;0.000624586913416823;0.12830528844226183;0.7755379676818848;0.5477386934673367;0.4436835;0.32661533;0.0076873787;0.9923126
flor_20260516_113658_054436.jpg;sin_flores;severa;0.6321320625050648;1;follaje_blanco;clip_sick_prob;0.6007791159282841;0.22592256818369494;1.0;0.6153518424306587;0.12567395352164748;0.0004340212705019562;0.13940632133885275;0.7745307087898254;0.5306776556776557;0.45353892;0.23475938;0.010571047;0.98942894
flor_20260516_113709_562833.jpg;sin_flores;severa;0.6316239798288081;1;follaje_blanco;clip_sick_prob;0.6034097012403081;0.21484072592880618;1.0;0.6097001852359397;0.12202729043644958;0.0004353476283299181;0.14134105159896995;0.7753757238388062;0.5278293135435993;0.45014054;0.166997;0.014819733;0.98518026
flor_20260516_114159_797451.jpg;sin_flores;severa;0.6547114114154078;1;follaje_blanco;clip_sick_prob;0.6310954132093125;0.32954235541981103;1.0;0.6164874833596601;0.15977175461995397;0.0005142713290735068;0.16170320616376843;0.7704782485961914;0.53125;0.48530978;0.24174207;0.005533693;0.99446636
flor_20260516_114208_807938.jpg;sin_flores;severa;0.65714652803715;1;follaje_blanco;clip_sick_prob;0.6383630136211679;0.3245111401421459;1.0;0.6168774581692418;0.15811615019924932;0.0004977406517704608;0.16704834603472668;0.7681534290313721;0.5314465408805031;0.48444125;0.22950688;0.0063198116;0.9936801
flor_20260516_114218_315390.jpg;sin_flores;severa;0.6629799296184362;1;follaje_blanco;clip_sick_prob;0.6391227029777149;0.34756523114665694;1.0;0.6571789173969442;0.16570247932172494;0.000490196078431174;0.16760707871664438;0.7680488228797913;0.5517578125;0.47587097;0.15189508;0.007115875;0.99288416
flor_20260516_114227_821170.jpg;sin_flores;severa;0.65835283372722;1;follaje_blanco;clip_sick_prob;0.6391549571392892;0.33935019162124724;1.0;0.6094477473556319;0.16299918498746951;0.0005001837735907361;0.16763080085259918;0.7657118439674377;0.5277020890099909;0.48655194;0.23507753;0.005280332;0.9947196
flor_20260516_114239_833126.jpg;sin_flores;severa;0.6621340127775188;1;follaje_blanco;clip_sick_prob;0.6351613999657854;0.3540327747699048;1.0;0.6583270424160647;0.16783073128925322;0.00045918120740471625;0.16469363858921637;0.7661191821098328;0.5523364485981308;0.4954026;0.15764123;0.009498374;0.99050164
flor_20260516_114250_339766.jpg;sin_flores;severa;0.6613314202547338;1;follaje_blanco;clip_sick_prob;0.6342937918088625;0.3645890192741033;1.0;0.6394373710356202;0.17130443776028711;0.000494506274631303;0.16405553430594122;0.763873815536499;0.5428163653663178;0.49318832;0.2183762;0.012284177;0.9877158
flor_20260516_114304_853949.jpg;sin_flores;severa;0.6607621903283492;1;follaje_blanco;clip_sick_prob;0.6279129042933499;0.37982870753930714;1.0;0.6451768242018676;0.17631930869495738;0.00046150339572082215;0.15936254978031583;0.7653377056121826;0.5457089552238806;0.5016693;0.14610508;0.011804601;0.9881954
flor_20260516_114548_990506.jpg;sin_flores;severa;0.6697957897865696;1;follaje_blanco;clip_sick_prob;0.6491079578202921;0.3861392621872762;1.0;0.6442333564849528;0.17839590084927368;0.00037809121347990394;0.17495098602526224;0.7632685303688049;0.5452334630350194;0.48846152;0.123500794;0.009551636;0.9904483
flor_20260516_114830_623388.jpg;sin_flores;severa;0.6926949282107558;1;botrytis;clip_sick_prob;0.75;0.49612151377275376;0.5672744205655503;0.6671694434120372;0.21458737584584095;0.0002860269778495668;0.3572549578857715;0.7342643737792969;0.5567928730512249;0.504301;0.097587414;0.024116589;0.9758834
flor_20260516_114848_637949.jpg;sin_flores;severa;0.673027498624163;1;botrytis;clip_sick_prob;0.7096561213222973;0.5226921118162671;0.6414874099944418;0.6257560503577237;0.2233308696448225;0.00020144051707887028;0.35708362567091384;0.7384505867958069;0.5359212050984936;0.50684774;0.10888248;0.020828322;0.9791717
flor_20260516_115033_726458.jpg;sin_flores;severa;0.6758242329139148;1;botrytis;clip_sick_prob;0.7320386210768914;0.42545370659487103;0.5723717887686026;0.6748706559195214;0.19133296761477422;0.00022286040033118312;0.370218889618252;0.7345519065856934;0.5606741573033708;0.49084148;0.08312663;0.023969475;0.9760306
flor_20260516_115045_735798.jpg;sin_flores;severa;0.664388962309086;1;botrytis;clip_sick_prob;0.7156472055290555;0.42472129047166485;0.5512373647575642;0.6742735311315975;0.1910919540018687;0.00020717393942537094;0.3582668356806423;0.7333597540855408;0.5603732162458837;0.4875822;0.11660242;0.019695176;0.9803049
flor_20260516_115147_289810.jpg;sin_flores;severa;0.6612833394828851;1;botrytis;clip_sick_prob;0.6960751155537968;0.46129919374791795;0.6306132358282702;0.667067654336342;0.2031285167450902;0.00018844359711015415;0.36123986092401217;0.7378371953964233;0.5567415730337079;0.5025154;0.117879;0.012148613;0.98785144
flor_20260516_115218_311311.jpg;sin_flores;severa;0.6835911603429365;1;botrytis;clip_sick_prob;0.75;0.3444371374419467;0.6333542335726147;0.6851579790966231;0.16467312846311888;0.00026364845793947265;0.30205607473812557;0.7379918098449707;0.565858798735511;0.46195883;0.19997941;0.014179003;0.98582095
flor_20260516_115423_915687.jpg;sin_flores;severa;0.6455782558657188;1;botrytis;clip_sick_prob;0.6774721924129294;0.5062283710631759;0.518180551560158;0.6524931597687942;0.21791320403763698;0.00017064074013715957;0.3785030152267823;0.7314950823783875;0.5493962678375411;0.47615474;0.17267425;0.014931367;0.9850686
flor_20260516_115453_440966.jpg;sin_flores;severa;0.6383912073353138;1;botrytis;clip_sick_prob;0.6652382986968596;0.4917569159124903;0.5355035727709455;0.657340931388174;0.2131511328879758;0.0001589329962304213;0.3678956000593385;0.7324722409248352;0.5518394648829431;0.51259536;0.114787444;0.01956509;0.9804349
flor_20260516_115543_982566.jpg;sin_flores;severa;0.6165854987118924;1;tallos_rotos;clip_sick_prob;0.6315564601300097;0.4039053737186804;0.6183579961062552;0.6747001701706452;0.18424213305497933;0.00012669973105738854;0.3493354182682302;0.7371459007263184;0.5605882352941176;0.50062144;0.119582936;0.009766669;0.9902333
flor_20260516_115556_494268.jpg;sin_flores;severa;0.6670747322974604;1;follaje_blanco;clip_sick_prob;0.6646061335084927;0.2852786883987125;1.0;0.6588049766657881;0.14520606447307216;0.00025164026746712074;0.18634950989883461;0.7670587301254272;0.5525773195876289;0.48141238;0.12389052;0.009190664;0.9908093
flor_20260516_115607_002800.jpg;sin_flores;severa;0.6964703898112563;1;follaje_blanco;clip_sick_prob;0.75;0.3675050658143472;0.8522325191406606;0.6257949371130789;0.17226401099986607;0.00027212919281484533;0.26697797175241317;0.7503383159637451;0.5359408033826638;0.46999198;0.22646004;0.0054679057;0.9945321
flor_20260516_115617_510078.jpg;sin_flores;severa;0.6885777714822183;1;botrytis;clip_sick_prob;0.7486884205822191;0.36775291673603805;0.7176182525096806;0.6544517232834559;0.17234557043610182;0.00023879413273322783;0.30868196961230265;0.7427449822425842;0.5503833515881709;0.49084187;0.18533361;0.008709705;0.99129033
flor_20260516_115820_615065.jpg;sin_flores;severa;0.6322173146656377;1;follaje_blanco;clip_sick_prob;0.6351205349439599;0.4859564433688064;0.7185629140298979;0.6531241682419908;0.21124239166830858;0.00013011052374159953;0.39298945565738175;0.7427982687950134;0.5497142857142857;0.5041202;0.1808486;0.004204134;0.99579585
flor_20260516_115830_621551.jpg;sin_flores;severa;0.6371973589570067;1;follaje_blanco;clip_sick_prob;0.6407197828114157;0.4982145306542933;0.7259046458447419;0.651633738433338;0.2152761175932015;0.00013546896167018912;0.39138341023979695;0.7432124018669128;0.548963133640553;0.49390355;0.35573468;0.003704682;0.9962953
flor_20260516_115956_691911.jpg;sin_flores;severa;0.6347841814140699;1;follaje_blanco;clip_sick_prob;0.6308902570074718;0.5336603404969685;0.7158451629896304;0.6596852478710861;0.2269401463083915;0.00012606217969969634;0.39729524595340543;0.7426449656486511;0.5530209617755857;0.4646533;0.20401122;0.009143936;0.99085605
flor_20260516_120257_337174.jpg;sin_flores;severa;0.6847073501689895;1;follaje_blanco;clip_sick_prob;0.6995375151340635;0.3452927526339312;1.0;0.629538211638026;0.16495468276284445;0.00031988626266203824;0.21204067480794536;0.759832501411438;0.537827352085354;0.4590556;0.26645866;0.0023915148;0.9976084
flor_20260516_120321_863569.jpg;sin_flores;severa;0.6428942188381137;1;botrytis;clip_sick_prob;0.6781997604943374;0.4774680276535022;0.48858961060694966;0.6753284389093202;0.208449138387054;0.00017133701729711657;0.3676950701626106;0.7298259139060974;0.5609048723897911;0.42591244;0.16529341;0.0027722109;0.9972277
flor_20260516_120342_878919.jpg;sin_flores;severa;0.6503744560966509;1;follaje_blanco;clip_sick_prob;0.643061134565283;0.2404297798758275;1.0;0.6138376545253234;0.13044779095138648;0.00032735144521543703;0.17050369747865163;0.7698371410369873;0.5299145299145299;0.4177334;0.28557506;0.0011402469;0.99885976
flor_20260516_120401_892101.jpg;sin_flores;severa;0.6488919625861991;1;follaje_blanco;clip_sick_prob;0.6320302463098162;0.26291753794179873;1.0;0.6223512293395466;0.1378477588738555;0.0003943540321845947;0.16239075272591053;0.7713384628295898;0.53420523138833;0.41526282;0.27934828;0.0018331393;0.9981668
flor_20260516_120410_397012.jpg;sin_flores;severa;0.6529490137769491;1;follaje_blanco;clip_sick_prob;0.6325836954323771;0.29837517773851124;1.0;0.6259750738652271;0.14951568043065927;0.0004106984694710713;0.16279780083036074;0.7699406147003174;0.5360315893385982;0.44932753;0.10246983;0.010792516;0.9892075
flor_20260516_120418_905146.jpg;sin_flores;severa;0.6609436143821605;1;follaje_blanco;clip_sick_prob;0.638805036447314;0.34833629321517756;1.0;0.6323494820098527;0.16595621002073666;0.0003837225647862803;0.16737344286146655;0.7697804570198059;0.5392441860465116;0.43441775;0.28658164;0.0017292949;0.99827063
flor_20260516_120427_912132.jpg;sin_flores;severa;0.6492025878616536;1;follaje_blanco;clip_sick_prob;0.6329794820426844;0.2552406327364488;1.0;0.6310839981250744;0.1353215465188147;0.000384004388621438;0.1630888920669804;0.7711859941482544;0.5386064030131826;0.40926751;0.19715689;0.0035566604;0.99644333
flor_20260516_120440_421188.jpg;sin_flores;severa;0.6401825849427167;1;follaje_blanco;clip_sick_prob;0.6062127581502559;0.27941340708655105;1.0;0.6219516131628787;0.14327599685855394;0.0004112434653296804;0.14340263044217189;0.7704571485519409;0.5340038314176245;0.4278974;0.18845347;0.0036937653;0.9963063
flor_20260516_120451_434255.jpg;sin_flores;severa;0.6487919535989042;1;follaje_blanco;clip_sick_prob;0.6238240569066216;0.28980839134428127;1.0;0.628518497261231;0.14669663798409924;0.00040012877707752687;0.15635530392824432;0.7669936418533325;0.5373134328358209;0.4220596;0.21976073;0.0030574286;0.9969426
flor_20260516_120502_439748.jpg;sin_flores;severa;0.6353596982724448;1;follaje_blanco;clip_sick_prob;0.6058383638328345;0.2356950276551244;1.0;0.6181854756608697;0.12888974259230793;0.00044933071192347846;0.1431272727064542;0.7724428772926331;0.5321057601510859;0.41253576;0.26997206;0.0012693935;0.9987306
flor_20260516_120512_951961.jpg;sin_flores;severa;0.6257973445107288;1;follaje_blanco;clip_sick_prob;0.586759156358506;0.2097975119459845;1.0;0.6264239856474874;0.12036773764379037;0.000495074344778956;0.12909498876154152;0.7703536748886108;0.5362578334825425;0.37599042;0.1804652;0.002379355;0.99762064
flor_20260516_120538_471933.jpg;sin_flores;severa;0.6264569046152453;1;follaje_blanco;clip_sick_prob;0.5931295881841925;0.1793607712470046;1.0;0.6408622536992352;0.11035202579842944;0.000503080063033661;0.1337802833865945;0.7703723907470703;0.5435344827586207;0.41306987;0.23379518;0.0010624253;0.99893755
flor_20260516_120551_982444.jpg;sin_flores;severa;0.6257054487736118;1;follaje_blanco;clip_sick_prob;0.5884280034465172;0.1785938418697861;1.0;0.655935641088716;0.11009965502969532;0.0004712195341914222;0.13032238440840596;0.7693222165107727;0.551131221719457;0.3961476;0.2340088;0.0013368413;0.9986632
flor_20260516_120603_990398.jpg;sin_flores;severa;0.6150085229724673;1;follaje_blanco;clip_sick_prob;0.5906924468085375;0.1378267517176241;1.0;0.5618607144545112;0.09668457120793808;0.0005305993484630303;0.13198782634438766;0.7723702788352966;0.5037190082644628;0.3935273;0.28315377;0.0010290085;0.998971
flor_20260516_120613_498016.jpg;sin_flores;severa;0.620280437905169;1;follaje_blanco;clip_sick_prob;0.5844658626814715;0.13733559666100228;1.0;0.6595065155693888;0.09652294853068864;0.0005443289972454319;0.1274083281343368;0.7693157196044922;0.552930883639545;0.3997217;0.2581484;0.0010301543;0.9989699
flor_20260516_120623_499430.jpg;sin_flores;severa;0.6476488568900649;1;follaje_blanco;clip_sick_prob;0.6025633249921418;0.3079519500088954;1.0;0.6978539996423707;0.15266707539825597;0.0004155596430272877;0.14071856285804715;0.7729063630104065;0.5722573839662447;0.39759767;0.20065555;0.0024448633;0.9975552
flor_20260516_120635_015493.jpg;sin_flores;severa;0.6429135054605759;1;follaje_blanco;clip_sick_prob;0.6030339935885678;0.313322218118051;1.0;0.6295959286551845;0.15443425074878345;0.00041654174411848;0.1410647279384305;0.7735410332679749;0.5378564405113078;0.4214765;0.20832892;0.0016118024;0.9983882
flor_20260516_120852_130666.jpg;sin_flores;baseline;0.42185518743020395;1;follaje_blanco;clip_sick_prob;0.3796379387731874;0.0;1.0;0.0;0.0;0.0;0.16063126986045617;0.7744140028953552;0.0;0.22238334;0.4857536;4,46E+01;0.9999554
flor_20260516_120902_641637.jpg;sin_flores;moderada;0.43872397953610004;1;follaje_blanco;clip_sick_prob;0.4218099190379277;0.0;1.0;0.0;0.0;0.0;0.19164771550634196;0.7771934866905212;0.0;0.22819717;0.6387363;2,08E+02;0.99997914
flor_20260516_120911_646052.jpg;sin_flores;moderada;0.47000001192092894;1;follaje_blanco;clip_sick_prob;0.5;0.0;1.0;0.0;0.0;0.0;0.2507591497322392;0.760066568851471;0.0;0.22349514;0.4650145;5,37E+02;0.99994624
flor_20260516_120921_150675.jpg;sin_flores;moderada;0.4566774239003053;1;follaje_blanco;clip_sick_prob;0.5;0.0;0.8096773139910907;0.0;0.0;0.0;0.30407659942665916;0.7479378581047058;0.0;0.22772183;0.5221003;4,69E+02;0.99995303
flor_20260516_120930_163202.jpg;sin_flores;moderada;0.45219087613265047;1;follaje_blanco;clip_sick_prob;0.45547716052930376;0.0;1.0;0.0;0.0;0.0;0.21640913669664014;0.7626206278800964;0.0;0.22610603;0.49217576;4,67E+02;0.99995327
flor_20260516_120941_670206.jpg;sin_flores;moderada;0.45226454612587164;1;follaje_blanco;clip_sick_prob;0.4556613355123567;0.0;1.0;0.0;0.0;0.0;0.2165445928292508;0.7659826278686523;0.0;0.23096323;0.5432405;2,92E+02;0.9999708
flor_20260516_121133_262310.jpg;sin_flores;moderada;0.47000001192092894;1;follaje_blanco;clip_sick_prob;0.5;0.0;1.0;0.0;0.0;0.0;0.270072324428264;0.766326367855072;0.0;0.22778189;0.51807857;3,79E+01;0.9999621
flor_20260516_121300_331447.jpg;sin_flores;moderada;0.46818828965601583;1;follaje_blanco;clip_sick_prob;0.49547069433771707;0.0;1.0;0.0;0.0;0.0;0.24582338899801207;0.7646744251251221;0.0;0.21509598;0.5756826;3,84E+02;0.9999616
flor_20260516_121338_366139.jpg;sin_flores;moderada;0.47000001192092894;1;follaje_blanco;clip_sick_prob;0.5;0.0;1.0;0.0;0.0;0.0;0.2609404729309649;0.7614735960960388;0.0;0.21850684;0.62953085;2,95E+02;0.99997056
flor_20260516_121407_887106.jpg;sin_flores;moderada;0.46975667474837846;1;follaje_blanco;clip_sick_prob;0.5;0.0;0.9965237546778498;0.0;0.0;0.0;0.25650395890920524;0.758477509021759;0.0;0.21800123;0.67774856;3,90E+02;0.9999609
flor_20260516_121445_918701.jpg;sin_flores;moderada;0.4541166198126081;1;follaje_blanco;clip_sick_prob;0.5;0.0;0.7730943984525597;0.0;0.0;0.0;0.34082600915137073;0.745874285697937;0.0;0.22480862;0.49192452;4,55E+01;0.99995446
flor_20260516_121524_451060.jpg;sin_flores;moderada;0.45174672399880095;1;follaje_blanco;clip_sick_prob;0.5;0.0;0.7392387439696003;0.0;0.0;0.0;0.35818427774250833;0.7439645528793335;0.0;0.22372134;0.5695417;6,93E+00;0.99993074
flor_20260516_121540_963750.jpg;sin_flores;moderada;0.4579440015711683;1;follaje_blanco;clip_sick_prob;0.4796120911051283;0.0;0.9442736172598295;0.0;0.0;0.0;0.23415977960392073;0.7555301785469055;0.0;0.2146386;0.59154075;4,43E+01;0.9999558
flor_20260516_121620_989151.jpg;sin_flores;moderada;0.4383899497707839;1;follaje_blanco;clip_sick_prob;0.5;0.0;0.5484276835693561;0.0;0.0;0.0;0.37831467292997556;0.733201265335083;0.0;0.21456192;0.48096338;7,74E+02;0.99992263
flor_20260516_121945_665499.jpg;sin_flores;moderada;0.4560736171987404;1;follaje_blanco;clip_sick_prob;0.46518401319452857;0.0;1.0;0.0;0.0;0.0;0.2235482861080158;0.7652409076690674;0.0;0.21507111;0.5992149;4,53E+02;0.9999547
flor_20260516_122313_831618.jpg;sin_flores;moderada;0.44276384250722123;1;follaje_blanco;clip_sick_prob;0.4319095764657307;0.0;1.0;0.0;0.0;0.0;0.19907576307928057;0.7666262984275818;0.0;0.21865712;0.59103507;2,21E+02;0.9999778
flor_20260516_122324_340324.jpg;sin_flores;moderada;0.4302382544488481;1;follaje_blanco;clip_sick_prob;0.40059560631979785;0.0;1.0;0.0;0.0;0.0;0.17604511460389297;0.7723865509033203;0.0;0.21852325;0.6609212;2,04E+01;0.9999796
flor_20260516_122333_845124.jpg;sin_flores;moderada;0.43059841222675216;1;follaje_blanco;clip_sick_prob;0.40149600076455805;0.0;1.0;0.0;0.0;0.0;0.17670733238879294;0.7726575136184692;0.0;0.21033753;0.78311735;3,65E+02;0.9999635
flor_20260516_122342_353113.jpg;sin_flores;moderada;0.4422628291970065;1;follaje_blanco;clip_sick_prob;0.43065704319019377;0.0;1.0;0.0;0.0;0.0;0.19815455591716785;0.7695212960243225;0.0;0.20175323;0.7585431;2,59E+02;0.999974
flor_20260516_122352_359832.jpg;sin_flores;moderada;0.46961414808830787;1;follaje_blanco;clip_sick_prob;0.49903534041844727;0.0;1.0;0.0;0.0;0.0;0.24844509778938764;0.7600480914115906;0.0;0.20972171;0.7617511;1,82E+02;0.99998176
flor_20260516_122401_368842.jpg;sin_flores;moderada;0.43884414777837727;1;follaje_blanco;clip_sick_prob;0.42211033964362077;0.0;1.0;0.0;0.0;0.0;0.1918686674115854;0.7709565162658691;0.0;0.21514668;0.8008007;1,76E+02;0.99998236
flor_20260516_122409_879849.jpg;sin_flores;moderada;0.43382792076125487;1;follaje_blanco;clip_sick_prob;0.4095697721008148;0.0;1.0;0.0;0.0;0.0;0.1826453909821119;0.7719179391860962;0.0;0.21720807;0.7850435;1,44E+03;0.9999856
flor_20260516_122418_380579.jpg;sin_flores;moderada;0.43499644846711044;1;follaje_blanco;clip_sick_prob;0.41249109136545375;0.0;1.0;0.0;0.0;0.0;0.18479394885435654;0.7741890549659729;0.0;0.21720076;0.74574935;1,72E+00;0.99998283
flor_20260516_122426_887696.jpg;sin_flores;moderada;0.43344947826933194;1;follaje_blanco;clip_sick_prob;0.4086236658710075;0.0;1.0;0.0;0.0;0.0;0.18194955331293358;0.7751508951187134;0.0;0.21718659;0.8734158;1,33E+02;0.99998665
flor_20260516_122435_397824.jpg;sin_flores;moderada;0.4329996442813235;1;follaje_blanco;clip_sick_prob;0.4074990809009863;0.0;1.0;0.0;0.0;0.0;0.18112244895648946;0.7760754823684692;0.0;0.21442926;0.842093;1,63E+02;0.99998367
flor_20260516_122444_906077.jpg;sin_flores;moderada;0.4340863731564835;1;follaje_blanco;clip_sick_prob;0.41021590308888634;0.0;1.0;0.0;0.0;0.0;0.18312060430019267;0.7743571996688843;0.0;0.21288036;0.7830386;1,22E+01;0.99998784
flor_20260516_122454_412897.jpg;sin_flores;moderada;0.4368202610440474;1;follaje_blanco;clip_sick_prob;0.4170506228077961;0.0;1.0;0.0;0.0;0.0;0.1881473711566609;0.7731739282608032;0.0;0.22935797;0.81366044;1,11E+02;0.9999889
flor_20260516_122503_923156.jpg;sin_flores;moderada;0.43002334776995255;1;follaje_blanco;clip_sick_prob;0.400058339622559;0.0;1.0;0.0;0.0;0.0;0.17564996827195306;0.7760698199272156;0.0;0.21744286;0.71496433;1,45E+03;0.99998546
flor_20260516_122513_424872.jpg;sin_flores;moderada;0.4317920123395153;1;follaje_blanco;clip_sick_prob;0.4044800010464658;0.0;1.0;0.0;0.0;0.0;0.17890199059478865;0.7765587568283081;0.0;0.22184435;0.77902585;1,91E+02;0.9999808
flor_20260516_122522_933710.jpg;sin_flores;moderada;0.43312509527088744;1;follaje_blanco;clip_sick_prob;0.40781270837489614;0.0;1.0;0.0;0.0;0.0;0.18135311418578423;0.774113655090332;0.0;0.2172235;0.73682874;1,55E+02;0.9999845
flor_20260516_122532_942211.jpg;sin_flores;moderada;0.4297051680519917;1;follaje_blanco;clip_sick_prob;0.3992628903276568;0.0;1.0;0.0;0.0;0.0;0.17506493504219936;0.777662992477417;0.0;0.21490863;0.77479947;2,23E+02;0.9999777
flor_20260516_122759_569196.jpg;sin_flores;moderada;0.43468679835353935;1;follaje_blanco;clip_sick_prob;0.41171696608152597;0.0;1.0;0.0;0.0;0.0;0.18422459890585233;0.7754110097885132;0.0;0.20401701;0.86953294;1,47E+03;0.99998534
flor_20260516_122809_575073.jpg;sin_flores;moderada;0.43312146687074116;1;follaje_blanco;clip_sick_prob;0.4078036373745305;0.0;1.0;0.0;0.0;0.0;0.18134644268997044;0.7772825956344604;0.0;0.22200815;0.797182;1,59E+02;0.99998415
flor_20260516_122855_610981.jpg;sin_flores;baseline;0.47218854992052356;1;follaje_blanco;clip_sick_prob;0.3310809086749064;0.0;1.0;0.8719521816203998;0.0;0.0;0.12491877840725815;0.7775468230247498;0.66;0.2194667;0.8218188;1,37E+02;0.9999863
flor_20260516_122904_615551.jpg;sin_flores;moderada;0.45399893694928445;1;follaje_blanco;clip_sick_prob;0.4599973125708886;0.0;1.0;0.0;0.0;0.0;0.21973359642627197;0.7682780623435974;0.0;0.2264037;0.7436799;1,88E+02;0.99998116
flor_20260516_122928_631811.jpg;sin_flores;moderada;0.4619026551044971;1;follaje_blanco;clip_sick_prob;0.4797566079589203;0.0;1.0;0.0;0.0;0.0;0.23426606816595683;0.7656556963920593;0.0;0.22100909;0.53145206;3,54E+02;0.9999646
flor_20260516_122940_646420.jpg;sin_flores;moderada;0.45659017426634313;1;follaje_blanco;clip_sick_prob;0.4664754058635353;0.0;1.0;0.0;0.0;0.0;0.22449807339033684;0.7697855234146118;0.0;0.21485534;0.7401799;5,12E+01;0.99994886
flor_20260516_123142_243867.jpg;sin_flores;moderada;0.45625992255999753;1;follaje_blanco;clip_sick_prob;0.4656497765976714;0.0;1.0;0.0;0.0;0.0;0.22389084354038524;0.7672665119171143;0.0;0.2193257;0.7292389;2,10E+02;0.999979
flor_20260516_123213_268096.jpg;sin_flores;moderada;0.4627054203360705;1;follaje_blanco;clip_sick_prob;0.48176352103785386;0.0;1.0;0.0;0.0;0.0;0.23574210296531872;0.7646631002426147;0.0;0.21569122;0.64065826;2,12E+02;0.9999788
flor_20260516_123221_779661.jpg;sin_flores;moderada;0.4581769674897932;1;follaje_blanco;clip_sick_prob;0.4704423889221606;0.0;1.0;0.0;0.0;0.0;0.22741569105124795;0.7646653056144714;0.0;0.21457784;0.611343;3,00E+02;0.9999701
flor_20260516_123232_283347.jpg;sin_flores;moderada;0.45586683896078306;1;follaje_blanco;clip_sick_prob;0.46466706759963516;0.0;1.0;0.0;0.0;0.0;0.22316808544290034;0.7652247548103333;0.0;0.22326007;0.7734487;1,09E+02;0.99998915
flor_20260516_123246_796788.jpg;sin_flores;moderada;0.45915606794771274;1;follaje_blanco;clip_sick_prob;0.4728901400669594;0.0;1.0;0.0;0.0;0.0;0.22921595131554443;0.7650933265686035;0.0;0.21168937;0.6209458;2,41E+02;0.9999759
flor_20260516_123256_302863.jpg;sin_flores;moderada;0.468752542489091;1;follaje_blanco;clip_sick_prob;0.49688132642040495;0.0;1.0;0.0;0.0;0.0;0.2468608739120324;0.7669985890388489;0.0;0.20765074;0.52643883;4,29E+01;0.9999571
flor_20260516_123320_826218.jpg;sin_flores;moderada;0.4514483997081273;1;follaje_blanco;clip_sick_prob;0.4536209694679958;0.0;1.0;0.0;0.0;0.0;0.21504395420342975;0.7662649750709534;0.0;0.20848083;0.63854086;4,16E+02;0.9999584
flor_20260516_123331_332738.jpg;sin_flores;moderada;0.4565090108148307;1;follaje_blanco;clip_sick_prob;0.4662724972347543;0.0;1.0;0.0;0.0;0.0;0.22434883912587594;0.7646031975746155;0.0;0.2105264;0.68315446;2,35E+01;0.9999765
flor_20260516_123348_848209.jpg;sin_flores;moderada;0.4563496374726814;1;follaje_blanco;clip_sick_prob;0.4658740638793812;0.0;1.0;0.0;0.0;0.0;0.22405580127389793;0.767160952091217;0.0;0.20724994;0.7041355;4,43E+02;0.99995565
flor_20260516_123402_857660.jpg;sin_flores;moderada;0.45790459126238275;1;follaje_blanco;clip_sick_prob;0.46976144835363454;0.0;1.0;0.0;0.0;0.0;0.22691487614999878;0.7668795585632324;0.0;0.21621469;0.6582901;3,60E+01;0.999964
flor_20260516_123416_369247.jpg;sin_flores;moderada;0.4645266402855836;1;follaje_blanco;clip_sick_prob;0.4863165709116366;0.0;1.0;0.0;0.0;0.0;0.23909075823468634;0.7637147903442383;0.0;0.21623655;0.47727817;0.000101679565;0.9998983
flor_20260516_123936_632543.jpg;sin_flores;moderada;0.4593907475001145;1;follaje_blanco;clip_sick_prob;0.5;0.0;0.8484390797026511;0.0;0.0;0.0;0.3712672281598743;0.7501243352890015;0.0;0.2053823;0.5450984;4,14E+01;0.9999585
flor_20260516_124239_277163.jpg;sin_flores;moderada;0.4322955243359463;1;follaje_blanco;clip_sick_prob;0.4086785570541632;0.0;0.9832012799050298;0.0;0.0;0.0;0.18198992441687747;0.7577260136604309;0.0;0.2061551;0.5969096;4,66E+02;0.9999534
flor_20260516_124251_291262.jpg;sin_flores;moderada;0.4330509449792792;1;follaje_blanco;clip_sick_prob;0.4076273326458756;0.0;1.0;0.0;0.0;0.0;0.18121677493429217;0.767882764339447;0.0;0.19770032;0.5758424;5,31E+02;0.99994695
flor_20260516_124304_802022.jpg;sin_flores;moderada;0.4427104236902686;1;follaje_blanco;clip_sick_prob;0.5;0.0;0.6101487395619946;0.0;0.0;0.0;0.3605397693282285;0.7366828322410583;0.0;0.20017484;0.5564532;3,01E+01;0.99996984
flor_20260516_124444_381569.jpg;sin_flores;moderada;0.44016805631111033;1;follaje_blanco;clip_sick_prob;0.42809915407248295;0.0;0.9846911823026882;0.0;0.0;0.0;0.1962732919051477;0.7578100562095642;0.0;0.2077452;0.4630269;3,23E+02;0.9999677
flor_20260516_124515_405217.jpg;sin_flores;moderada;0.4309369956357314;1;follaje_blanco;clip_sick_prob;0.40234245928700607;0.0;1.0;0.0;0.0;0.0;0.17732988164040958;0.7644902467727661;0.0;0.2078406;0.4476805;7,98E+01;0.9999201
flor_20260516_124525_416134.jpg;sin_flores;moderada;0.47000001192092894;1;follaje_blanco;clip_sick_prob;0.5;0.0;1.0;0.0;0.0;0.0;0.26786673829474295;0.7600429058074951;0.0;0.20970221;0.49889562;4,67E+02;0.99995327
flor_20260516_132149_168315.jpg;sin_flores;baseline;0.41787877291777614;1;follaje_blanco;clip_sick_prob;0.3696969024921179;0.0;1.0;0.0;0.0;0.0;0.15331988420723447;0.7670397162437439;0.0;0.19816089;0.44534862;4,64E+02;0.9999536
flor_20260516_132157_681522.jpg;sin_flores;baseline;0.4196717278348559;1;follaje_blanco;clip_sick_prob;0.3741792897848174;0.0;1.0;0.0;0.0;0.0;0.15661656890060333;0.767887532711029;0.0;0.19160254;0.5277458;3,76E+01;0.99996245
flor_20260516_132205_683079.jpg;sin_flores;baseline;0.41432592956358133;1;follaje_blanco;clip_sick_prob;0.360814794106631;0.0;1.0;0.0;0.0;0.0;0.1467873137604618;0.7675403356552124;0.0;0.2014751;0.41971207;5,90E+02;0.999941
flor_20260516_132214_189446.jpg;sin_flores;baseline;0.4151458713373728;1;follaje_blanco;clip_sick_prob;0.3628646485411096;0.0;1.0;0.0;0.0;0.0;0.1482949308619083;0.7685048580169678;0.0;0.19999795;0.48298445;4,58E+02;0.9999542
flor_20260516_132222_194526.jpg;sin_flores;baseline;0.42499825528792884;1;follaje_blanco;clip_sick_prob;0.3796856829042907;0.0;1.0;0.0;0.0;1,57E+11;0.14917837141749946;0.7680633068084717;0.0;0.19500744;0.46574816;3,81E+02;0.999962
flor_20260516_132329_753481.jpg;sin_flores;baseline;0.4162423000003917;1;follaje_blanco;clip_sick_prob;0.36560572019865684;0.0;1.0;0.0;0.0;0.0;0.15031092108916527;0.768661618232727;0.0;0.19806018;0.42472515;4,24E+02;0.9999577
flor_20260516_132957_576206.jpg;sin_flores;moderada;0.4564449462928522;1;follaje_blanco;clip_sick_prob;0.5;0.0;0.8063562053131899;0.0;0.0;0.0;0.30370406806514316;0.7477505207061768;0.0;0.20268479;0.57636595;1,75E+01;0.9999825
flor_20260516_133005_571833.jpg;sin_flores;moderada;0.4561327324904153;1;follaje_blanco;clip_sick_prob;0.5;0.0;0.8018960081355191;0.0;0.0;0.0;0.30971029137991785;0.7474989295005798;0.0;0.21246251;0.5548804;2,70E+02;0.99997306
flor_20260516_133325_236453.jpg;sin_flores;moderada;0.4337949111427832;1;botrytis;clip_sick_prob;0.5;0.0;0.4827842745979179;0.0;0.0;0.0;0.36505944910288224;0.7294984459877014;0.0;0.20656344;0.57707924;2,05E+02;0.9999795
flor_20260516_133333_738501.jpg;sin_flores;moderada;0.4503233811415884;1;follaje_blanco;clip_sick_prob;0.5;0.0;0.7189052745808492;0.0;0.0;0.0;0.31766040038741833;0.7428175806999207;0.0;0.20616493;0.5385145;3,69E+01;0.99996316
flor_20260516_133342_246487.jpg;sin_flores;severa;0.5882527413833116;1;botrytis;clip_sick_prob;0.75;0.0;0.5464675637483234;0.0;0.0;0.0004826546002725397;0.3262786595955516;0.7330906987190247;0.0;0.21248344;0.49548495;3,19E+02;0.9999682
flor_20260516_134301_702527.jpg;sin_flores;moderada;0.41393899158036657;1;follaje_blanco;clip_sick_prob;0.41157886060089677;0.0;0.7043919345582698;0.0;0.0;0.0;0.1841230257497794;0.7419989109039307;0.0;0.21532957;0.54381263;3,90E+01;0.9999609
flor_20260516_134310_212540.jpg;sin_flores;moderada;0.5018482205987908;1;tallos_rotos;clip_sick_prob;0.41087932928952775;0.0;0.8664267453163658;0.9046329882511283;0.0;2,22E+11;0.16714872885261856;0.7511389851570129;0.6764705882352942;0.20634407;0.5731741;2,84E+02;0.9999715
flor_20260516_134318_717345.jpg;sin_flores;moderada;0.45001176373319024;1;follaje_blanco;clip_sick_prob;0.4632283487237726;0.0;0.9245773188964599;0.0;0.0;0.0;0.22210994338903498;0.7544191479682922;0.0;0.20642571;0.50808644;2,80E+02;0.999972
flor_20260516_135320_702480.jpg;sin_flores;moderada;0.4339530199948158;1;follaje_blanco;clip_sick_prob;0.43438139522912617;0.0;0.8600064283176622;0.0;0.0;0.0;0.20089372448019294;0.7507768273353577;0.0;0.22002833;0.42926955;3,67E+02;0.9999633
flor_20260516_135401_739221.jpg;sin_flores;moderada;0.42702155989613977;1;follaje_blanco;clip_sick_prob;0.39255386993802704;0.0;1.0;0.0;0.0;0.0;0.17013061692515152;0.7603491544723511;0.0;0.21953204;0.39788586;2,86E+02;0.9999714
flor_20260516_135411_241685.jpg;sin_flores;moderada;0.44723100075888034;1;follaje_blanco;clip_sick_prob;0.45484000630971666;0.0;0.9327855187723534;0.0;0.0;0.0;0.21594052556916143;0.7548821568489075;0.0;0.21243753;0.40945184;4,93E+02;0.99995077
flor_20260516_135456_280978.jpg;sin_flores;moderada;0.4599739756053539;1;follaje_blanco;clip_sick_prob;0.5;0.0;0.8567709097774993;0.0;0.0;0.0;0.2604890491573362;0.7505943179130554;0.0;0.21857515;0.499352;3,68E+02;0.9999633
flor_20260516_135505_289932.jpg;sin_flores;moderada;0.4535926391027139;1;follaje_blanco;clip_sick_prob;0.5;0.0;0.7656089597397855;0.0;0.0;0.0;0.2872542501525665;0.7454520463943481;0.0;0.22133784;0.53738564;5,01E+02;0.99994993
flor_20260516_135746_419578.jpg;sin_flores;baseline;0.42299320841781457;1;follaje_blanco;clip_sick_prob;0.3824829912422141;0.0;1.0;0.0;0.0;0.0;0.162723735395897;0.7655553221702576;0.0;0.21256435;0.47662577;3,56E+02;0.99996436
flor_20260516_135754_925046.jpg;sin_flores;moderada;0.45892938638319436;1;follaje_blanco;clip_sick_prob;0.4948551645343984;0.0;0.871247266407229;0.0;0.0;0.0;0.2453706820924267;0.7514109015464783;0.0;0.21376812;0.59952086;2,95E+02;0.99997044
flor_20260516_135803_432817.jpg;sin_flores;moderada;0.4542891843236447;1;follaje_blanco;clip_sick_prob;0.5;0.0;0.7755596057530822;0.0;0.0;0.0;0.2612873230570675;0.746013343334198;0.0;0.21493043;0.502614;3,81E+02;0.999962
flor_20260516_135811_937260.jpg;sin_flores;moderada;0.4510869764118457;1;follaje_blanco;clip_sick_prob;0.4696838786500076;0.0;0.9030487575844807;0.0;0.0;0.0;0.2268578255566615;0.7532047629356384;0.0;0.220887;0.47719678;5,56E+01;0.99994445
flor_20260516_135849_474811.jpg;sin_flores;moderada;0.47000001192092894;1;follaje_blanco;clip_sick_prob;0.5;0.0;1.0;0.0;0.0;0.0;0.263654673975607;0.7658700346946716;0.0;0.21779694;0.4993477;4,45E+02;0.99995553
flor_20260516_141424_741044.jpg;sin_flores;baseline;0.40268877566199085;1;follaje_blanco;clip_sick_prob;0.33172190935265466;0.0;1.0;0.0;0.0;0.0;0.12539021850932464;0.7747670412063599;0.0;0.205918;0.42251998;1,89E+02;0.99998116
flor_20260516_141433_249227.jpg;sin_flores;baseline;0.4099643975391999;1;follaje_blanco;clip_sick_prob;0.3499109640456773;0.0;1.0;0.0;0.0;0.0;0.13876781715882108;0.7696179747581482;0.0;0.21194781;0.51301944;2,06E+02;0.9999794
flor_20260516_142552_304642.jpg;sin_flores;baseline;0.40548178265971346;1;follaje_blanco;clip_sick_prob;0.3387044268469612;0.0;1.0;0.0;0.0;0.0;0.1305256869643045;0.7689875364303589;0.0;0.20796697;0.5784421;5,57E+02;0.9999442
flor_20260516_142601_315511.jpg;sin_flores;baseline;0.4153231687268526;1;follaje_blanco;clip_sick_prob;0.36330789201480906;0.0;1.0;0.0;0.0;0.0;0.14862092544465227;0.7652671337127686;0.0;0.21386625;0.5454938;4,41E+02;0.9999559
flor_20260516_142733_387469.jpg;sin_flores;moderada;0.4549033751742699;1;follaje_blanco;clip_sick_prob;0.4724308413726186;0.0;0.9418718100613349;0.0;0.0;0.0;0.22887814851617816;0.755394697189331;0.0;0.22213368;0.46719265;3,85E+02;0.9999615
flor_20260516_142741_400934.jpg;sin_flores;moderada;0.4448145060312174;1;follaje_blanco;clip_sick_prob;0.4404908201208083;0.0;0.98025951517093;0.0;0.0;0.0;0.205387054978095;0.7575600743293762;0.0;0.22295545;0.38604623;4,46E+02;0.9999554
flor_20260516_143026_026998.jpg;sin_flores;moderada;0.43473703936283736;1;follaje_blanco;clip_sick_prob;0.42494556589344556;0.0;0.9251257297790022;0.0;0.0;0.0;0.19395390600648738;0.7544500827789307;0.0;0.22313155;0.50468194;4,48E+02;0.9999552
flor_20260516_143034_537889.jpg;sin_flores;moderada;0.4671597009024743;1;follaje_blanco;clip_sick_prob;0.5;0.0;0.9594241283077904;0.0;0.0;0.0;0.2573947110574968;0.7563847899436951;0.0;0.22479114;0.49894047;3,44E+02;0.99996555
flor_20260516_143116_566849.jpg;sin_flores;moderada;0.45479541300497106;1;follaje_blanco;clip_sick_prob;0.5;0.0;0.7827914440577444;0.0;0.0;0.0;0.2638936388396078;0.7464212775230408;0.0;0.21950555;0.5893679;2,60E+02;0.999974
flor_20260516_143124_578725.jpg;sin_flores;moderada;0.47000001192092894;1;follaje_blanco;clip_sick_prob;0.5;0.0;1.0;0.0;0.0;0.0;0.28636210949659513;0.7633980512619019;0.0;0.2206024;0.4795361;3,67E+01;0.9999633
flor_20260516_143337_686510.jpg;sin_flores;moderada;0.4654047649449715;1;follaje_blanco;clip_sick_prob;0.5;0.0;0.9343536146291795;0.0;0.0;0.0;0.2694026145508187;0.7549706101417542;0.0;0.21292566;0.601247;3,16E+02;0.9999684
flor_20260516_143506_260040.jpg;sin_flores;baseline;0.4140817227251929;1;follaje_blanco;clip_sick_prob;0.3602042770106598;0.0;1.0;0.0;0.0;0.0;0.1463382935768186;0.7663024067878723;0.0;0.22128855;0.42394286;4,86E+02;0.99995136
flor_20260516_144348_680754.jpg;sin_flores;moderada;0.47000001192092894;1;follaje_blanco;clip_sick_prob;0.5;0.0;1.0;0.0;0.0;0.0;0.2810543402534956;0.7615334391593933;0.0;0.2266591;0.45236012;3,51E+02;0.99996483
flor_20260516_145045_028413.jpg;sin_flores;moderada;0.4667014026982811;1;follaje_blanco;clip_sick_prob;0.5;0.0;0.9528770111050309;0.0;0.0;0.0;0.2758090026813231;0.7560154795646667;0.0;0.22505032;0.3997174;2,17E+02;0.9999783
flor_20260516_145054_028874.jpg;sin_flores;moderada;0.4291915324129706;1;follaje_blanco;clip_sick_prob;0.39797880123010404;0.0;1.0;0.0;0.0;0.0;0.17412051935555872;0.7678168416023254;0.0;0.22765097;0.32668036;6,53E+01;0.9999347
flor_20260516_145102_034686.jpg;sin_flores;moderada;0.44523426648776715;1;follaje_blanco;clip_sick_prob;0.42354874198151243;0.0;1.0;0.0;0.0;2,86E+11;0.17154352595672687;0.7673739790916443;0.0;0.2208765;0.5519676;4,47E+02;0.9999553
flor_20260516_145426_204263.jpg;sin_flores;moderada;0.47000001192092894;1;follaje_blanco;clip_sick_prob;0.5;0.0;1.0;0.0;0.0;0.0;0.29525827601570215;0.759161651134491;0.0;0.22701688;0.4003102;3,83E+02;0.9999616
flor_20260516_150246_105845.jpg;sin_flores;moderada;0.4253084913013258;1;follaje_blanco;clip_sick_prob;0.3882711984509921;0.0;1.0;0.0;0.0;0.0;0.16698081825402142;0.776128351688385;0.0;0.22013083;0.564264;2,58E+02;0.99997413
flor_20260516_150334_647974.jpg;sin_flores;moderada;0.47000001192092894;1;follaje_blanco;clip_sick_prob;0.5;0.0;1.0;0.0;0.0;0.0;0.2832660189832527;0.7661059498786926;0.0;0.22729897;0.44992456;5,56E+01;0.9999443
flor_20260516_151814_866450.jpg;sin_flores;moderada;0.4425950640072472;1;follaje_blanco;clip_sick_prob;0.4314876302157955;0.0;1.0;0.0;0.0;0.0;0.1987654320764573;0.7798174619674683;0.0;0.21152815;0.5782328;4,78E+02;0.9999522
flor_20260516_151850_895849.jpg;sin_flores;moderada;0.4621128201544054;1;follaje_blanco;clip_sick_prob;0.48028202058369107;0.0;1.0;0.0;0.0;0.0;0.23465249612157005;0.7733117341995239;0.0;0.20746519;0.46786693;4,21E+01;0.9999579
flor_20260516_151926_428114.jpg;sin_flores;moderada;0.4298093348990719;1;follaje_blanco;clip_sick_prob;0.39952330744535736;0.0;1.0;0.0;0.0;0.0;0.17525646537408585;0.7697571516036987;0.0;0.22025289;0.38436452;5,81E+02;0.9999418
flor_20260516_152435_173461.jpg;sin_flores;moderada;0.45519272192097066;1;follaje_blanco;clip_sick_prob;0.4629817750001043;0.0;1.0;0.0;0.0;0.0;0.22192859453015162;0.7754078507423401;0.0;0.21744826;0.54468787;2,92E+02;0.9999708
flor_20260516_152443_683684.jpg;sin_flores;moderada;0.4443678404644622;1;follaje_blanco;clip_sick_prob;0.4359195713588331;0.0;1.0;0.0;0.0;0.0;0.2020250148777829;0.7746787667274475;0.0;0.22446844;0.47036123;3,46E+02;0.9999654
flor_20260516_152452_190772.jpg;sin_flores;moderada;0.46960308408684315;1;follaje_blanco;clip_sick_prob;0.4990076804147854;0.0;1.0;0.0;0.0;0.0;0.2484247545426452;0.7706092596054077;0.0;0.22177118;0.412544;2,94E+02;0.9999707
flor_20260516_152500_201761.jpg;sin_flores;moderada;0.45980079832383514;1;follaje_blanco;clip_sick_prob;0.47450196600726535;0.0;1.0;0.0;0.0;0.0;0.23040140932236056;0.7713821530342102;0.0;0.22095475;0.45594606;3,52E+02;0.9999647
flor_20260516_152525_719794.jpg;sin_flores;moderada;0.4425767476359703;1;follaje_blanco;clip_sick_prob;0.4314418392876034;0.0;1.0;0.0;0.0;0.0;0.19873175398435847;0.765160858631134;0.0;0.2248024;0.44005892;4,38E+02;0.99995625
flor_20260516_153227_559788.jpg;sin_flores;moderada;0.45090951110006783;1;follaje_blanco;clip_sick_prob;0.45227374794784714;0.0;1.0;0.0;0.0;0.0;0.21405310618561457;0.7759348154067993;0.0;0.21240947;0.5216239;2,80E+02;0.999972
flor_20260516_153236_568984.jpg;sin_flores;moderada;0.4349579347500001;1;follaje_blanco;clip_sick_prob;0.41239480707267784;0.0;1.0;0.0;0.0;0.0;0.18472313414481034;0.7696778178215027;0.0;0.21494581;0.492549;3,09E+02;0.9999691
flor_20260516_153315_600767.jpg;sin_flores;moderada;0.4628340940997124;1;follaje_blanco;clip_sick_prob;0.4820852054469586;0.0;1.0;0.0;0.0;0.0;0.23597869387064238;0.7756701111793518;0.0;0.21761689;0.46265513;2,88E+02;0.9999713
flor_20260516_153324_107448.jpg;sin_flores;moderada;0.4590871571642387;1;follaje_blanco;clip_sick_prob;0.47271786310827435;0.0;1.0;0.0;0.0;0.0;0.2290892458847928;0.7722113132476807;0.0;0.22139691;0.5160505;1,47E+02;0.99998534
flor_20260516_153409_138706.jpg;sin_flores;moderada;0.47000001192092894;1;follaje_blanco;clip_sick_prob;0.5;0.0;1.0;0.0;0.0;0.0;0.301621214012751;0.7588163018226624;0.0;0.22635569;0.50857174;2,50E+02;0.99997497
